{
  "cells": [
    {
      "t": "and2",
      "x": 28,
      "y": 18
    },
    {
      "t": "or2",
      "x": 33,
      "y": 18
    },
    {
      "t": "mux2",
      "x": 38,
      "y": 18
    },
    {
      "t": "xor2",
      "x": 46,
      "y": 18
    },
    {
      "t": "mux2",
      "x": 53,
      "y": 18
    },
    {
      "t": "xor2",
      "x": 61,
      "y": 18
    },
    {
      "t": "fa",
      "x": 68,
      "y": 18
    },
    {
      "t": "mux2",
      "x": 84,
      "y": 18
    }
  ],
  "horizontal": [
    {
      "x1": 28,
      "y1": 23,
      "x2": 35,
      "y2": 23
    },
    {
      "x1": 30,
      "y1": 18,
      "x2": 33,
      "y2": 18
    },
    {
      "x1": 32,
      "y1": 19,
      "x2": 38,
      "y2": 19
    },
    {
      "x1": 37,
      "y1": 22,
      "x2": 42,
      "y2": 22
    },
    {
      "x1": 38,
      "y1": 19,
      "x2": 40,
      "y2": 19
    },
    {
      "x1": 38,
      "y1": 21,
      "x2": 43,
      "y2": 21
    },
    {
      "x1": 35,
      "y1": 23,
      "x2": 48,
      "y2": 23
    },
    {
      "x1": 33,
      "y1": 18,
      "x2": 47,
      "y2": 18
    },
    {
      "x1": 43,
      "y1": 22,
      "x2": 57,
      "y2": 22
    },
    {
      "x1": 51,
      "y1": 18,
      "x2": 55,
      "y2": 18
    },
    {
      "x1": 48,
      "y1": 23,
      "x2": 63,
      "y2": 23
    },
    {
      "x1": 66,
      "y1": 18,
      "x2": 72,
      "y2": 18
    },
    {
      "x1": 47,
      "y1": 19,
      "x2": 81,
      "y2": 19
    },
    {
      "x1": 68,
      "y1": 23,
      "x2": 75,
      "y2": 23
    },
    {
      "x1": 53,
      "y1": 21,
      "x2": 58,
      "y2": 21
    },
    {
      "x1": 58,
      "y1": 22,
      "x2": 88,
      "y2": 22
    },
    {
      "x1": 83,
      "y1": 20,
      "x2": 86,
      "y2": 20
    },
    {
      "x1": 84,
      "y1": 21,
      "x2": 89,
      "y2": 21
    },
    {
      "x1": 89,
      "y1": 19,
      "x2": 92,
      "y2": 19
    },
    {
      "x1": 28,
      "y1": 22,
      "x2": 27,
      "y2": 22
    },
    {
      "x1": 30,
      "y1": 19,
      "x2": 27,
      "y2": 19
    }
  ],
  "vertical": [
    {
      "x1": 28,
      "y1": 23,
      "x2": 28,
      "y2": 21
    },
    {
      "x1": 35,
      "y1": 23,
      "x2": 35,
      "y2": 20
    },
    {
      "x1": 30,
      "y1": 18,
      "x2": 30,
      "y2": 21
    },
    {
      "x1": 33,
      "y1": 18,
      "x2": 33,
      "y2": 20
    },
    {
      "x1": 32,
      "y1": 20,
      "x2": 32,
      "y2": 19
    },
    {
      "x1": 37,
      "y1": 21,
      "x2": 37,
      "y2": 22
    },
    {
      "x1": 40,
      "y1": 19,
      "x2": 40,
      "y2": 20
    },
    {
      "x1": 48,
      "y1": 23,
      "x2": 48,
      "y2": 20
    },
    {
      "x1": 47,
      "y1": 18,
      "x2": 47,
      "y2": 21
    },
    {
      "x1": 43,
      "y1": 21,
      "x2": 43,
      "y2": 22
    },
    {
      "x1": 55,
      "y1": 18,
      "x2": 55,
      "y2": 20
    },
    {
      "x1": 44,
      "y1": 21,
      "x2": 44,
      "y2": 17
    },
    {
      "x1": 44,
      "y1": 21,
      "x2": 44,
      "y2": 24
    },
    {
      "x1": 59,
      "y1": 21,
      "x2": 59,
      "y2": 17
    },
    {
      "x1": 59,
      "y1": 21,
      "x2": 59,
      "y2": 24
    },
    {
      "x1": 63,
      "y1": 23,
      "x2": 63,
      "y2": 20
    },
    {
      "x1": 72,
      "y1": 18,
      "x2": 72,
      "y2": 21
    },
    {
      "x1": 81,
      "y1": 19,
      "x2": 81,
      "y2": 21
    },
    {
      "x1": 62,
      "y1": 21,
      "x2": 62,
      "y2": 17
    },
    {
      "x1": 62,
      "y1": 21,
      "x2": 62,
      "y2": 24
    },
    {
      "x1": 68,
      "y1": 21,
      "x2": 68,
      "y2": 23
    },
    {
      "x1": 75,
      "y1": 23,
      "x2": 75,
      "y2": 24
    },
    {
      "x1": 75,
      "y1": 20,
      "x2": 75,
      "y2": 17
    },
    {
      "x1": 58,
      "y1": 21,
      "x2": 58,
      "y2": 22
    },
    {
      "x1": 90,
      "y1": 21,
      "x2": 90,
      "y2": 17
    },
    {
      "x1": 90,
      "y1": 21,
      "x2": 90,
      "y2": 24
    },
    {
      "x1": 89,
      "y1": 21,
      "x2": 89,
      "y2": 19
    }
  ],
  "static": {},
  "vias": {
    "28 23": {
      "name": "via",
      "x": 28,
      "y": 23
    },
    "28 21": {
      "name": "via",
      "x": 28,
      "y": 21
    },
    "35 23": {
      "name": "via",
      "x": 35,
      "y": 23
    },
    "35 20": {
      "name": "via",
      "x": 35,
      "y": 20
    },
    "30 18": {
      "name": "via",
      "x": 30,
      "y": 18
    },
    "30 21": {
      "name": "via",
      "x": 30,
      "y": 21
    },
    "33 18": {
      "name": "via",
      "x": 33,
      "y": 18
    },
    "33 20": {
      "name": "via",
      "x": 33,
      "y": 20
    },
    "32 20": {
      "name": "via",
      "x": 32,
      "y": 20
    },
    "32 19": {
      "name": "via",
      "x": 32,
      "y": 19
    },
    "37 21": {
      "name": "via",
      "x": 37,
      "y": 21
    },
    "37 22": {
      "name": "via",
      "x": 37,
      "y": 22
    },
    "42 22": {
      "name": "via",
      "x": 42,
      "y": 22
    },
    "40 19": {
      "name": "via",
      "x": 40,
      "y": 19
    },
    "40 20": {
      "name": "via",
      "x": 40,
      "y": 20
    },
    "38 21": {
      "name": "via",
      "x": 38,
      "y": 21
    },
    "43 21": {
      "name": "via",
      "x": 43,
      "y": 21
    },
    "48 20": {
      "name": "via",
      "x": 48,
      "y": 20
    },
    "48 23": {
      "name": "via",
      "x": 48,
      "y": 23
    },
    "47 18": {
      "name": "via",
      "x": 47,
      "y": 18
    },
    "47 21": {
      "name": "via",
      "x": 47,
      "y": 21
    },
    "43 22": {
      "name": "via",
      "x": 43,
      "y": 22
    },
    "57 22": {
      "name": "via",
      "x": 57,
      "y": 22
    },
    "51 18": {
      "name": "via",
      "x": 51,
      "y": 18
    },
    "55 18": {
      "name": "via",
      "x": 55,
      "y": 18
    },
    "55 20": {
      "name": "via",
      "x": 55,
      "y": 20
    },
    "44 21": {
      "name": "via",
      "x": 44,
      "y": 21
    },
    "59 21": {
      "name": "via",
      "x": 59,
      "y": 21
    },
    "63 23": {
      "name": "via",
      "x": 63,
      "y": 23
    },
    "63 20": {
      "name": "via",
      "x": 63,
      "y": 20
    },
    "66 18": {
      "name": "via",
      "x": 66,
      "y": 18
    },
    "72 18": {
      "name": "via",
      "x": 72,
      "y": 18
    },
    "72 21": {
      "name": "via",
      "x": 72,
      "y": 21
    },
    "47 19": {
      "name": "via",
      "x": 47,
      "y": 19
    },
    "81 19": {
      "name": "via",
      "x": 81,
      "y": 19
    },
    "81 21": {
      "name": "via",
      "x": 81,
      "y": 21
    },
    "62 21": {
      "name": "via",
      "x": 62,
      "y": 21
    },
    "68 21": {
      "name": "via",
      "x": 68,
      "y": 21
    },
    "68 23": {
      "name": "via",
      "x": 68,
      "y": 23
    },
    "75 23": {
      "name": "via",
      "x": 75,
      "y": 23
    },
    "75 20": {
      "name": "via",
      "x": 75,
      "y": 20
    },
    "83 20": {
      "name": "via",
      "x": 83,
      "y": 20
    },
    "53 21": {
      "name": "via",
      "x": 53,
      "y": 21
    },
    "58 21": {
      "name": "via",
      "x": 58,
      "y": 21
    },
    "58 22": {
      "name": "via",
      "x": 58,
      "y": 22
    },
    "88 22": {
      "name": "via",
      "x": 88,
      "y": 22
    },
    "86 20": {
      "name": "via",
      "x": 86,
      "y": 20
    },
    "90 21": {
      "name": "via",
      "x": 90,
      "y": 21
    },
    "84 21": {
      "name": "via",
      "x": 84,
      "y": 21
    },
    "89 21": {
      "name": "via",
      "x": 89,
      "y": 21
    },
    "89 19": {
      "name": "via",
      "x": 89,
      "y": 19
    },
    "28 22": {
      "name": "via",
      "x": 28,
      "y": 22
    },
    "30 19": {
      "name": "via",
      "x": 30,
      "y": 19
    },
    "12 0": {
      "name": "via",
      "x": 12,
      "y": 0
    }
  },
  "drawings": []
}