{
  "cells": [
    {
      "t": "and2",
      "x": 4,
      "y": 6
    },
    {
      "t": "or2",
      "x": 9,
      "y": 6
    },
    {
      "t": "mux2",
      "x": 14,
      "y": 6
    },
    {
      "t": "xor2",
      "x": 22,
      "y": 6
    },
    {
      "t": "mux2",
      "x": 29,
      "y": 6
    },
    {
      "t": "xor2",
      "x": 37,
      "y": 6
    },
    {
      "t": "fa",
      "x": 44,
      "y": 6
    },
    {
      "t": "mux2",
      "x": 60,
      "y": 6
    },
    {
      "t": "and2",
      "x": 4,
      "y": 12
    },
    {
      "t": "or2",
      "x": 9,
      "y": 12
    },
    {
      "t": "mux2",
      "x": 14,
      "y": 12
    },
    {
      "t": "xor2",
      "x": 22,
      "y": 12
    },
    {
      "t": "mux2",
      "x": 29,
      "y": 12
    },
    {
      "t": "xor2",
      "x": 37,
      "y": 12
    },
    {
      "t": "fa",
      "x": 44,
      "y": 12
    },
    {
      "t": "mux2",
      "x": 60,
      "y": 12
    }
  ],
  "horizontal": [
    {
      "x1": 6,
      "y1": 6,
      "x2": 9,
      "y2": 6
    },
    {
      "x1": 8,
      "y1": 7,
      "x2": 14,
      "y2": 7
    },
    {
      "x1": 13,
      "y1": 10,
      "x2": 18,
      "y2": 10
    },
    {
      "x1": 14,
      "y1": 7,
      "x2": 16,
      "y2": 7
    },
    {
      "x1": 14,
      "y1": 9,
      "x2": 19,
      "y2": 9
    },
    {
      "x1": 11,
      "y1": 11,
      "x2": 24,
      "y2": 11
    },
    {
      "x1": 9,
      "y1": 6,
      "x2": 23,
      "y2": 6
    },
    {
      "x1": 19,
      "y1": 10,
      "x2": 33,
      "y2": 10
    },
    {
      "x1": 27,
      "y1": 6,
      "x2": 31,
      "y2": 6
    },
    {
      "x1": 24,
      "y1": 11,
      "x2": 39,
      "y2": 11
    },
    {
      "x1": 42,
      "y1": 6,
      "x2": 48,
      "y2": 6
    },
    {
      "x1": 23,
      "y1": 7,
      "x2": 57,
      "y2": 7
    },
    {
      "x1": 44,
      "y1": 11,
      "x2": 51,
      "y2": 11
    },
    {
      "x1": 29,
      "y1": 9,
      "x2": 34,
      "y2": 9
    },
    {
      "x1": 34,
      "y1": 10,
      "x2": 64,
      "y2": 10
    },
    {
      "x1": 59,
      "y1": 8,
      "x2": 62,
      "y2": 8
    },
    {
      "x1": 60,
      "y1": 9,
      "x2": 65,
      "y2": 9
    },
    {
      "x1": 65,
      "y1": 7,
      "x2": 68,
      "y2": 7
    },
    {
      "x1": 4,
      "y1": 10,
      "x2": 3,
      "y2": 10
    },
    {
      "x1": 6,
      "y1": 7,
      "x2": 3,
      "y2": 7
    },
    {
      "x1": 4,
      "y1": 11,
      "x2": 11,
      "y2": 11
    },
    {
      "x1": 3,
      "y1": 16,
      "x2": 4,
      "y2": 16
    },
    {
      "x1": 4,
      "y1": 12,
      "x2": 11,
      "y2": 12
    },
    {
      "x1": 11,
      "y1": 12,
      "x2": 24,
      "y2": 12
    },
    {
      "x1": 24,
      "y1": 12,
      "x2": 39,
      "y2": 12
    },
    {
      "x1": 3,
      "y1": 13,
      "x2": 6,
      "y2": 13
    },
    {
      "x1": 6,
      "y1": 17,
      "x2": 9,
      "y2": 17
    },
    {
      "x1": 9,
      "y1": 17,
      "x2": 23,
      "y2": 17
    },
    {
      "x1": 23,
      "y1": 16,
      "x2": 57,
      "y2": 16
    },
    {
      "x1": 59,
      "y1": 15,
      "x2": 62,
      "y2": 15
    },
    {
      "x1": 64,
      "y1": 13,
      "x2": 34,
      "y2": 13
    },
    {
      "x1": 34,
      "y1": 14,
      "x2": 29,
      "y2": 14
    },
    {
      "x1": 8,
      "y1": 16,
      "x2": 16,
      "y2": 16
    },
    {
      "x1": 13,
      "y1": 13,
      "x2": 18,
      "y2": 13
    },
    {
      "x1": 14,
      "y1": 14,
      "x2": 19,
      "y2": 14
    },
    {
      "x1": 19,
      "y1": 13,
      "x2": 33,
      "y2": 13
    },
    {
      "x1": 31,
      "y1": 17,
      "x2": 27,
      "y2": 17
    },
    {
      "x1": 42,
      "y1": 17,
      "x2": 48,
      "y2": 17
    },
    {
      "x1": 44,
      "y1": 15,
      "x2": 50,
      "y2": 15
    },
    {
      "x1": 50,
      "y1": 17,
      "x2": 51,
      "y2": 17
    },
    {
      "x1": 60,
      "y1": 14,
      "x2": 65,
      "y2": 14
    },
    {
      "x1": 65,
      "y1": 13,
      "x2": 68,
      "y2": 13
    }
  ],
  "vertical": [
    {
      "x1": 11,
      "y1": 11,
      "x2": 11,
      "y2": 8
    },
    {
      "x1": 6,
      "y1": 6,
      "x2": 6,
      "y2": 9
    },
    {
      "x1": 9,
      "y1": 6,
      "x2": 9,
      "y2": 8
    },
    {
      "x1": 8,
      "y1": 8,
      "x2": 8,
      "y2": 7
    },
    {
      "x1": 13,
      "y1": 9,
      "x2": 13,
      "y2": 10
    },
    {
      "x1": 16,
      "y1": 7,
      "x2": 16,
      "y2": 8
    },
    {
      "x1": 24,
      "y1": 11,
      "x2": 24,
      "y2": 8
    },
    {
      "x1": 23,
      "y1": 6,
      "x2": 23,
      "y2": 9
    },
    {
      "x1": 19,
      "y1": 9,
      "x2": 19,
      "y2": 10
    },
    {
      "x1": 31,
      "y1": 6,
      "x2": 31,
      "y2": 8
    },
    {
      "x1": 20,
      "y1": 9,
      "x2": 20,
      "y2": 5
    },
    {
      "x1": 35,
      "y1": 9,
      "x2": 35,
      "y2": 5
    },
    {
      "x1": 39,
      "y1": 11,
      "x2": 39,
      "y2": 8
    },
    {
      "x1": 48,
      "y1": 6,
      "x2": 48,
      "y2": 9
    },
    {
      "x1": 57,
      "y1": 7,
      "x2": 57,
      "y2": 9
    },
    {
      "x1": 38,
      "y1": 9,
      "x2": 38,
      "y2": 5
    },
    {
      "x1": 44,
      "y1": 9,
      "x2": 44,
      "y2": 11
    },
    {
      "x1": 51,
      "y1": 8,
      "x2": 51,
      "y2": 5
    },
    {
      "x1": 34,
      "y1": 9,
      "x2": 34,
      "y2": 10
    },
    {
      "x1": 66,
      "y1": 9,
      "x2": 66,
      "y2": 5
    },
    {
      "x1": 65,
      "y1": 9,
      "x2": 65,
      "y2": 7
    },
    {
      "x1": 66,
      "y1": 9,
      "x2": 66,
      "y2": 14
    },
    {
      "x1": 66,
      "y1": 14,
      "x2": 66,
      "y2": 18
    },
    {
      "x1": 38,
      "y1": 9,
      "x2": 38,
      "y2": 14
    },
    {
      "x1": 38,
      "y1": 14,
      "x2": 38,
      "y2": 18
    },
    {
      "x1": 35,
      "y1": 9,
      "x2": 35,
      "y2": 14
    },
    {
      "x1": 35,
      "y1": 14,
      "x2": 35,
      "y2": 18
    },
    {
      "x1": 20,
      "y1": 9,
      "x2": 20,
      "y2": 14
    },
    {
      "x1": 20,
      "y1": 14,
      "x2": 20,
      "y2": 18
    },
    {
      "x1": 4,
      "y1": 10,
      "x2": 4,
      "y2": 11
    },
    {
      "x1": 4,
      "y1": 16,
      "x2": 4,
      "y2": 14
    },
    {
      "x1": 4,
      "y1": 14,
      "x2": 4,
      "y2": 12
    },
    {
      "x1": 11,
      "y1": 12,
      "x2": 11,
      "y2": 15
    },
    {
      "x1": 24,
      "y1": 12,
      "x2": 24,
      "y2": 15
    },
    {
      "x1": 39,
      "y1": 12,
      "x2": 39,
      "y2": 15
    },
    {
      "x1": 6,
      "y1": 13,
      "x2": 6,
      "y2": 14
    },
    {
      "x1": 6,
      "y1": 14,
      "x2": 6,
      "y2": 17
    },
    {
      "x1": 9,
      "y1": 17,
      "x2": 9,
      "y2": 15
    },
    {
      "x1": 23,
      "y1": 17,
      "x2": 23,
      "y2": 14
    },
    {
      "x1": 57,
      "y1": 16,
      "x2": 57,
      "y2": 14
    },
    {
      "x1": 34,
      "y1": 13,
      "x2": 34,
      "y2": 14
    },
    {
      "x1": 8,
      "y1": 15,
      "x2": 8,
      "y2": 16
    },
    {
      "x1": 16,
      "y1": 16,
      "x2": 16,
      "y2": 15
    },
    {
      "x1": 13,
      "y1": 14,
      "x2": 13,
      "y2": 13
    },
    {
      "x1": 19,
      "y1": 14,
      "x2": 19,
      "y2": 13
    },
    {
      "x1": 31,
      "y1": 15,
      "x2": 31,
      "y2": 17
    },
    {
      "x1": 48,
      "y1": 17,
      "x2": 48,
      "y2": 14
    },
    {
      "x1": 51,
      "y1": 11,
      "x2": 51,
      "y2": 15
    },
    {
      "x1": 44,
      "y1": 14,
      "x2": 44,
      "y2": 15
    },
    {
      "x1": 50,
      "y1": 15,
      "x2": 50,
      "y2": 17
    },
    {
      "x1": 51,
      "y1": 17,
      "x2": 51,
      "y2": 18
    },
    {
      "x1": 65,
      "y1": 14,
      "x2": 65,
      "y2": 13
    }
  ],
  "static": {},
  "vias": {
    "4 9": {
      "name": "via",
      "x": 4,
      "y": 9
    },
    "11 11": {
      "name": "via",
      "x": 11,
      "y": 11
    },
    "11 8": {
      "name": "via",
      "x": 11,
      "y": 8
    },
    "6 6": {
      "name": "via",
      "x": 6,
      "y": 6
    },
    "6 9": {
      "name": "via",
      "x": 6,
      "y": 9
    },
    "9 6": {
      "name": "via",
      "x": 9,
      "y": 6
    },
    "9 8": {
      "name": "via",
      "x": 9,
      "y": 8
    },
    "8 8": {
      "name": "via",
      "x": 8,
      "y": 8
    },
    "8 7": {
      "name": "via",
      "x": 8,
      "y": 7
    },
    "13 9": {
      "name": "via",
      "x": 13,
      "y": 9
    },
    "13 10": {
      "name": "via",
      "x": 13,
      "y": 10
    },
    "18 10": {
      "name": "via",
      "x": 18,
      "y": 10
    },
    "16 7": {
      "name": "via",
      "x": 16,
      "y": 7
    },
    "16 8": {
      "name": "via",
      "x": 16,
      "y": 8
    },
    "14 9": {
      "name": "via",
      "x": 14,
      "y": 9
    },
    "19 9": {
      "name": "via",
      "x": 19,
      "y": 9
    },
    "24 8": {
      "name": "via",
      "x": 24,
      "y": 8
    },
    "24 11": {
      "name": "via",
      "x": 24,
      "y": 11
    },
    "23 6": {
      "name": "via",
      "x": 23,
      "y": 6
    },
    "23 9": {
      "name": "via",
      "x": 23,
      "y": 9
    },
    "19 10": {
      "name": "via",
      "x": 19,
      "y": 10
    },
    "33 10": {
      "name": "via",
      "x": 33,
      "y": 10
    },
    "27 6": {
      "name": "via",
      "x": 27,
      "y": 6
    },
    "31 6": {
      "name": "via",
      "x": 31,
      "y": 6
    },
    "31 8": {
      "name": "via",
      "x": 31,
      "y": 8
    },
    "20 9": {
      "name": "via",
      "x": 20,
      "y": 9
    },
    "35 9": {
      "name": "via",
      "x": 35,
      "y": 9
    },
    "39 11": {
      "name": "via",
      "x": 39,
      "y": 11
    },
    "39 8": {
      "name": "via",
      "x": 39,
      "y": 8
    },
    "42 6": {
      "name": "via",
      "x": 42,
      "y": 6
    },
    "48 6": {
      "name": "via",
      "x": 48,
      "y": 6
    },
    "48 9": {
      "name": "via",
      "x": 48,
      "y": 9
    },
    "23 7": {
      "name": "via",
      "x": 23,
      "y": 7
    },
    "57 7": {
      "name": "via",
      "x": 57,
      "y": 7
    },
    "57 9": {
      "name": "via",
      "x": 57,
      "y": 9
    },
    "38 9": {
      "name": "via",
      "x": 38,
      "y": 9
    },
    "44 9": {
      "name": "via",
      "x": 44,
      "y": 9
    },
    "44 11": {
      "name": "via",
      "x": 44,
      "y": 11
    },
    "51 11": {
      "name": "via",
      "x": 51,
      "y": 11
    },
    "51 8": {
      "name": "via",
      "x": 51,
      "y": 8
    },
    "59 8": {
      "name": "via",
      "x": 59,
      "y": 8
    },
    "29 9": {
      "name": "via",
      "x": 29,
      "y": 9
    },
    "34 9": {
      "name": "via",
      "x": 34,
      "y": 9
    },
    "34 10": {
      "name": "via",
      "x": 34,
      "y": 10
    },
    "64 10": {
      "name": "via",
      "x": 64,
      "y": 10
    },
    "62 8": {
      "name": "via",
      "x": 62,
      "y": 8
    },
    "66 9": {
      "name": "via",
      "x": 66,
      "y": 9
    },
    "60 9": {
      "name": "via",
      "x": 60,
      "y": 9
    },
    "65 9": {
      "name": "via",
      "x": 65,
      "y": 9
    },
    "65 7": {
      "name": "via",
      "x": 65,
      "y": 7
    },
    "4 10": {
      "name": "via",
      "x": 4,
      "y": 10
    },
    "6 7": {
      "name": "via",
      "x": 6,
      "y": 7
    },
    "66 14": {
      "name": "via",
      "x": 66,
      "y": 14
    },
    "38 14": {
      "name": "via",
      "x": 38,
      "y": 14
    },
    "35 14": {
      "name": "via",
      "x": 35,
      "y": 14
    },
    "20 14": {
      "name": "via",
      "x": 20,
      "y": 14
    },
    "4 12": {
      "name": "via",
      "x": 4,
      "y": 12
    },
    "4 11": {
      "name": "via",
      "x": 4,
      "y": 11
    },
    "4 16": {
      "name": "via",
      "x": 4,
      "y": 16
    },
    "4 14": {
      "name": "via",
      "x": 4,
      "y": 14
    },
    "11 12": {
      "name": "via",
      "x": 11,
      "y": 12
    },
    "11 15": {
      "name": "via",
      "x": 11,
      "y": 15
    },
    "24 12": {
      "name": "via",
      "x": 24,
      "y": 12
    },
    "24 15": {
      "name": "via",
      "x": 24,
      "y": 15
    },
    "39 12": {
      "name": "via",
      "x": 39,
      "y": 12
    },
    "39 15": {
      "name": "via",
      "x": 39,
      "y": 15
    },
    "6 13": {
      "name": "via",
      "x": 6,
      "y": 13
    },
    "6 14": {
      "name": "via",
      "x": 6,
      "y": 14
    },
    "6 17": {
      "name": "via",
      "x": 6,
      "y": 17
    },
    "9 17": {
      "name": "via",
      "x": 9,
      "y": 17
    },
    "9 15": {
      "name": "via",
      "x": 9,
      "y": 15
    },
    "23 17": {
      "name": "via",
      "x": 23,
      "y": 17
    },
    "23 14": {
      "name": "via",
      "x": 23,
      "y": 14
    },
    "23 16": {
      "name": "via",
      "x": 23,
      "y": 16
    },
    "57 16": {
      "name": "via",
      "x": 57,
      "y": 16
    },
    "57 14": {
      "name": "via",
      "x": 57,
      "y": 14
    },
    "59 15": {
      "name": "via",
      "x": 59,
      "y": 15
    },
    "62 15": {
      "name": "via",
      "x": 62,
      "y": 15
    },
    "64 13": {
      "name": "via",
      "x": 64,
      "y": 13
    },
    "34 13": {
      "name": "via",
      "x": 34,
      "y": 13
    },
    "34 14": {
      "name": "via",
      "x": 34,
      "y": 14
    },
    "29 14": {
      "name": "via",
      "x": 29,
      "y": 14
    },
    "8 15": {
      "name": "via",
      "x": 8,
      "y": 15
    },
    "8 16": {
      "name": "via",
      "x": 8,
      "y": 16
    },
    "16 16": {
      "name": "via",
      "x": 16,
      "y": 16
    },
    "16 15": {
      "name": "via",
      "x": 16,
      "y": 15
    },
    "13 14": {
      "name": "via",
      "x": 13,
      "y": 14
    },
    "13 13": {
      "name": "via",
      "x": 13,
      "y": 13
    },
    "18 13": {
      "name": "via",
      "x": 18,
      "y": 13
    },
    "14 14": {
      "name": "via",
      "x": 14,
      "y": 14
    },
    "19 14": {
      "name": "via",
      "x": 19,
      "y": 14
    },
    "19 13": {
      "name": "via",
      "x": 19,
      "y": 13
    },
    "33 13": {
      "name": "via",
      "x": 33,
      "y": 13
    },
    "31 15": {
      "name": "via",
      "x": 31,
      "y": 15
    },
    "31 17": {
      "name": "via",
      "x": 31,
      "y": 17
    },
    "27 17": {
      "name": "via",
      "x": 27,
      "y": 17
    },
    "42 17": {
      "name": "via",
      "x": 42,
      "y": 17
    },
    "48 17": {
      "name": "via",
      "x": 48,
      "y": 17
    },
    "48 14": {
      "name": "via",
      "x": 48,
      "y": 14
    },
    "51 15": {
      "name": "via",
      "x": 51,
      "y": 15
    },
    "44 14": {
      "name": "via",
      "x": 44,
      "y": 14
    },
    "44 15": {
      "name": "via",
      "x": 44,
      "y": 15
    },
    "50 15": {
      "name": "via",
      "x": 50,
      "y": 15
    },
    "50 17": {
      "name": "via",
      "x": 50,
      "y": 17
    },
    "51 17": {
      "name": "via",
      "x": 51,
      "y": 17
    },
    "60 14": {
      "name": "via",
      "x": 60,
      "y": 14
    },
    "65 14": {
      "name": "via",
      "x": 65,
      "y": 14
    },
    "65 13": {
      "name": "via",
      "x": 65,
      "y": 13
    }
  },
  "drawings": []
}