{
  "cells": [
    {
      "t": "mux2",
      "x": 5,
      "y": 0
    },
    {
      "t": "sdfrtp",
      "x": 13,
      "y": 0
    },
    {
      "t": "mux2",
      "x": 41,
      "y": 0
    },
    {
      "t": "sdfrtp",
      "x": 49,
      "y": 0
    },
    {
      "t": "mux2",
      "x": 5,
      "y": 6
    },
    {
      "t": "sdfrtp",
      "x": 13,
      "y": 6
    },
    {
      "t": "mux2",
      "x": 41,
      "y": 6
    },
    {
      "t": "sdfrtp",
      "x": 49,
      "y": 6
    },
    {
      "t": "mux2",
      "x": 5,
      "y": 12
    },
    {
      "t": "sdfrtp",
      "x": 13,
      "y": 12
    },
    {
      "t": "mux2",
      "x": 41,
      "y": 12
    },
    {
      "t": "sdfrtp",
      "x": 49,
      "y": 12
    },
    {
      "t": "mux2",
      "x": 5,
      "y": 18
    },
    {
      "t": "sdfrtp",
      "x": 13,
      "y": 18
    },
    {
      "t": "mux2",
      "x": 41,
      "y": 18
    },
    {
      "t": "sdfrtp",
      "x": 49,
      "y": 18
    },
    {
      "t": "mux2",
      "x": 5,
      "y": 24
    },
    {
      "t": "sdfrtp",
      "x": 13,
      "y": 24
    },
    {
      "t": "mux2",
      "x": 41,
      "y": 24
    },
    {
      "t": "sdfrtp",
      "x": 49,
      "y": 24
    },
    {
      "t": "mux2",
      "x": 5,
      "y": 30
    },
    {
      "t": "sdfrtp",
      "x": 13,
      "y": 30
    },
    {
      "t": "mux2",
      "x": 41,
      "y": 30
    },
    {
      "t": "sdfrtp",
      "x": 49,
      "y": 30
    },
    {
      "t": "mux2",
      "x": 5,
      "y": 36
    },
    {
      "t": "sdfrtp",
      "x": 13,
      "y": 36
    },
    {
      "t": "mux2",
      "x": 41,
      "y": 36
    },
    {
      "t": "sdfrtp",
      "x": 49,
      "y": 36
    },
    {
      "t": "mux2",
      "x": 5,
      "y": 42
    },
    {
      "t": "sdfrtp",
      "x": 13,
      "y": 42
    },
    {
      "t": "mux2",
      "x": 41,
      "y": 42
    },
    {
      "t": "sdfrtp",
      "x": 49,
      "y": 42
    }
  ],
  "horizontal": [
    {
      "x1": 40,
      "y1": 5,
      "x2": 7,
      "y2": 5
    },
    {
      "x1": 9,
      "y1": 1,
      "x2": 4,
      "y2": 1
    },
    {
      "x1": 15,
      "y1": 0,
      "x2": 5,
      "y2": 0
    },
    {
      "x1": 41,
      "y1": 0,
      "x2": 51,
      "y2": 0
    },
    {
      "x1": 43,
      "y1": 5,
      "x2": 76,
      "y2": 5
    },
    {
      "x1": 4,
      "y1": 4,
      "x2": 34,
      "y2": 4
    },
    {
      "x1": 34,
      "y1": 1,
      "x2": 45,
      "y2": 1
    },
    {
      "x1": 46,
      "y1": 4,
      "x2": 72,
      "y2": 4
    },
    {
      "x1": 72,
      "y1": 1,
      "x2": 77,
      "y2": 1
    },
    {
      "x1": 76,
      "y1": 4,
      "x2": 77,
      "y2": 4
    },
    {
      "x1": 5,
      "y1": 6,
      "x2": 15,
      "y2": 6
    },
    {
      "x1": 9,
      "y1": 7,
      "x2": 4,
      "y2": 7
    },
    {
      "x1": 7,
      "y1": 11,
      "x2": 40,
      "y2": 11
    },
    {
      "x1": 41,
      "y1": 6,
      "x2": 51,
      "y2": 6
    },
    {
      "x1": 45,
      "y1": 7,
      "x2": 34,
      "y2": 7
    },
    {
      "x1": 34,
      "y1": 7,
      "x2": 22,
      "y2": 7
    },
    {
      "x1": 22,
      "y1": 7,
      "x2": 10,
      "y2": 7
    },
    {
      "x1": 10,
      "y1": 9,
      "x2": 6,
      "y2": 9
    },
    {
      "x1": 6,
      "y1": 10,
      "x2": 4,
      "y2": 10
    },
    {
      "x1": 43,
      "y1": 11,
      "x2": 76,
      "y2": 11
    },
    {
      "x1": 40,
      "y1": 10,
      "x2": 44,
      "y2": 10
    },
    {
      "x1": 44,
      "y1": 8,
      "x2": 50,
      "y2": 8
    },
    {
      "x1": 50,
      "y1": 7,
      "x2": 77,
      "y2": 7
    },
    {
      "x1": 76,
      "y1": 10,
      "x2": 77,
      "y2": 10
    },
    {
      "x1": 46,
      "y1": 4,
      "x2": 40,
      "y2": 4
    },
    {
      "x1": 40,
      "y1": 17,
      "x2": 7,
      "y2": 17
    },
    {
      "x1": 9,
      "y1": 13,
      "x2": 4,
      "y2": 13
    },
    {
      "x1": 15,
      "y1": 12,
      "x2": 5,
      "y2": 12
    },
    {
      "x1": 41,
      "y1": 12,
      "x2": 51,
      "y2": 12
    },
    {
      "x1": 43,
      "y1": 17,
      "x2": 76,
      "y2": 17
    },
    {
      "x1": 4,
      "y1": 16,
      "x2": 34,
      "y2": 16
    },
    {
      "x1": 34,
      "y1": 13,
      "x2": 45,
      "y2": 13
    },
    {
      "x1": 46,
      "y1": 16,
      "x2": 72,
      "y2": 16
    },
    {
      "x1": 72,
      "y1": 13,
      "x2": 77,
      "y2": 13
    },
    {
      "x1": 76,
      "y1": 16,
      "x2": 77,
      "y2": 16
    },
    {
      "x1": 5,
      "y1": 18,
      "x2": 15,
      "y2": 18
    },
    {
      "x1": 9,
      "y1": 19,
      "x2": 4,
      "y2": 19
    },
    {
      "x1": 7,
      "y1": 23,
      "x2": 40,
      "y2": 23
    },
    {
      "x1": 41,
      "y1": 18,
      "x2": 51,
      "y2": 18
    },
    {
      "x1": 45,
      "y1": 19,
      "x2": 34,
      "y2": 19
    },
    {
      "x1": 34,
      "y1": 19,
      "x2": 22,
      "y2": 19
    },
    {
      "x1": 22,
      "y1": 19,
      "x2": 10,
      "y2": 19
    },
    {
      "x1": 10,
      "y1": 21,
      "x2": 6,
      "y2": 21
    },
    {
      "x1": 6,
      "y1": 22,
      "x2": 4,
      "y2": 22
    },
    {
      "x1": 43,
      "y1": 23,
      "x2": 76,
      "y2": 23
    },
    {
      "x1": 40,
      "y1": 22,
      "x2": 44,
      "y2": 22
    },
    {
      "x1": 44,
      "y1": 20,
      "x2": 50,
      "y2": 20
    },
    {
      "x1": 50,
      "y1": 19,
      "x2": 77,
      "y2": 19
    },
    {
      "x1": 76,
      "y1": 22,
      "x2": 77,
      "y2": 22
    },
    {
      "x1": 46,
      "y1": 16,
      "x2": 40,
      "y2": 16
    },
    {
      "x1": 40,
      "y1": 29,
      "x2": 7,
      "y2": 29
    },
    {
      "x1": 9,
      "y1": 25,
      "x2": 4,
      "y2": 25
    },
    {
      "x1": 15,
      "y1": 24,
      "x2": 5,
      "y2": 24
    },
    {
      "x1": 41,
      "y1": 24,
      "x2": 51,
      "y2": 24
    },
    {
      "x1": 43,
      "y1": 29,
      "x2": 76,
      "y2": 29
    },
    {
      "x1": 4,
      "y1": 28,
      "x2": 34,
      "y2": 28
    },
    {
      "x1": 34,
      "y1": 25,
      "x2": 45,
      "y2": 25
    },
    {
      "x1": 46,
      "y1": 28,
      "x2": 72,
      "y2": 28
    },
    {
      "x1": 72,
      "y1": 25,
      "x2": 77,
      "y2": 25
    },
    {
      "x1": 76,
      "y1": 28,
      "x2": 77,
      "y2": 28
    },
    {
      "x1": 5,
      "y1": 30,
      "x2": 15,
      "y2": 30
    },
    {
      "x1": 9,
      "y1": 31,
      "x2": 4,
      "y2": 31
    },
    {
      "x1": 7,
      "y1": 35,
      "x2": 40,
      "y2": 35
    },
    {
      "x1": 41,
      "y1": 30,
      "x2": 51,
      "y2": 30
    },
    {
      "x1": 45,
      "y1": 31,
      "x2": 34,
      "y2": 31
    },
    {
      "x1": 34,
      "y1": 31,
      "x2": 22,
      "y2": 31
    },
    {
      "x1": 22,
      "y1": 31,
      "x2": 10,
      "y2": 31
    },
    {
      "x1": 10,
      "y1": 33,
      "x2": 6,
      "y2": 33
    },
    {
      "x1": 6,
      "y1": 34,
      "x2": 4,
      "y2": 34
    },
    {
      "x1": 43,
      "y1": 35,
      "x2": 76,
      "y2": 35
    },
    {
      "x1": 40,
      "y1": 34,
      "x2": 44,
      "y2": 34
    },
    {
      "x1": 44,
      "y1": 32,
      "x2": 50,
      "y2": 32
    },
    {
      "x1": 50,
      "y1": 31,
      "x2": 77,
      "y2": 31
    },
    {
      "x1": 76,
      "y1": 34,
      "x2": 77,
      "y2": 34
    },
    {
      "x1": 46,
      "y1": 28,
      "x2": 40,
      "y2": 28
    },
    {
      "x1": 40,
      "y1": 41,
      "x2": 7,
      "y2": 41
    },
    {
      "x1": 9,
      "y1": 37,
      "x2": 4,
      "y2": 37
    },
    {
      "x1": 15,
      "y1": 36,
      "x2": 5,
      "y2": 36
    },
    {
      "x1": 41,
      "y1": 36,
      "x2": 51,
      "y2": 36
    },
    {
      "x1": 43,
      "y1": 41,
      "x2": 76,
      "y2": 41
    },
    {
      "x1": 4,
      "y1": 40,
      "x2": 34,
      "y2": 40
    },
    {
      "x1": 34,
      "y1": 37,
      "x2": 45,
      "y2": 37
    },
    {
      "x1": 46,
      "y1": 40,
      "x2": 72,
      "y2": 40
    },
    {
      "x1": 72,
      "y1": 37,
      "x2": 77,
      "y2": 37
    },
    {
      "x1": 76,
      "y1": 40,
      "x2": 77,
      "y2": 40
    },
    {
      "x1": 5,
      "y1": 42,
      "x2": 15,
      "y2": 42
    },
    {
      "x1": 9,
      "y1": 43,
      "x2": 4,
      "y2": 43
    },
    {
      "x1": 7,
      "y1": 47,
      "x2": 40,
      "y2": 47
    },
    {
      "x1": 41,
      "y1": 42,
      "x2": 51,
      "y2": 42
    },
    {
      "x1": 45,
      "y1": 43,
      "x2": 34,
      "y2": 43
    },
    {
      "x1": 34,
      "y1": 43,
      "x2": 22,
      "y2": 43
    },
    {
      "x1": 22,
      "y1": 43,
      "x2": 10,
      "y2": 43
    },
    {
      "x1": 10,
      "y1": 45,
      "x2": 6,
      "y2": 45
    },
    {
      "x1": 6,
      "y1": 46,
      "x2": 4,
      "y2": 46
    },
    {
      "x1": 43,
      "y1": 47,
      "x2": 76,
      "y2": 47
    },
    {
      "x1": 40,
      "y1": 46,
      "x2": 44,
      "y2": 46
    },
    {
      "x1": 44,
      "y1": 44,
      "x2": 50,
      "y2": 44
    },
    {
      "x1": 50,
      "y1": 43,
      "x2": 77,
      "y2": 43
    },
    {
      "x1": 76,
      "y1": 46,
      "x2": 77,
      "y2": 46
    },
    {
      "x1": 46,
      "y1": 40,
      "x2": 40,
      "y2": 40
    }
  ],
  "vertical": [
    {
      "x1": 40,
      "y1": 3,
      "x2": 40,
      "y2": 5
    },
    {
      "x1": 7,
      "y1": 5,
      "x2": 7,
      "y2": 3
    },
    {
      "x1": 15,
      "y1": 2,
      "x2": 15,
      "y2": 0
    },
    {
      "x1": 5,
      "y1": 0,
      "x2": 5,
      "y2": 2
    },
    {
      "x1": 19,
      "y1": 2,
      "x2": 19,
      "y2": -1
    },
    {
      "x1": 41,
      "y1": 2,
      "x2": 41,
      "y2": 0
    },
    {
      "x1": 51,
      "y1": 0,
      "x2": 51,
      "y2": 2
    },
    {
      "x1": 43,
      "y1": 3,
      "x2": 43,
      "y2": 5
    },
    {
      "x1": 76,
      "y1": 5,
      "x2": 76,
      "y2": 3
    },
    {
      "x1": 34,
      "y1": 4,
      "x2": 34,
      "y2": 1
    },
    {
      "x1": 72,
      "y1": 4,
      "x2": 72,
      "y2": 1
    },
    {
      "x1": 16,
      "y1": 3,
      "x2": 16,
      "y2": -1
    },
    {
      "x1": 16,
      "y1": 3,
      "x2": 16,
      "y2": 6
    },
    {
      "x1": 25,
      "y1": 6,
      "x2": 25,
      "y2": 1
    },
    {
      "x1": 25,
      "y1": 1,
      "x2": 25,
      "y2": -1
    },
    {
      "x1": 37,
      "y1": 2,
      "x2": 37,
      "y2": -1
    },
    {
      "x1": 37,
      "y1": 2,
      "x2": 37,
      "y2": 6
    },
    {
      "x1": 47,
      "y1": 2,
      "x2": 47,
      "y2": -1
    },
    {
      "x1": 52,
      "y1": 6,
      "x2": 52,
      "y2": 3
    },
    {
      "x1": 52,
      "y1": 3,
      "x2": 52,
      "y2": -1
    },
    {
      "x1": 61,
      "y1": 1,
      "x2": 61,
      "y2": -1
    },
    {
      "x1": 73,
      "y1": 2,
      "x2": 73,
      "y2": -1
    },
    {
      "x1": 73,
      "y1": 2,
      "x2": 73,
      "y2": 6
    },
    {
      "x1": 55,
      "y1": 2,
      "x2": 55,
      "y2": -1
    },
    {
      "x1": 55,
      "y1": 5,
      "x2": 55,
      "y2": 6
    },
    {
      "x1": 5,
      "y1": 9,
      "x2": 5,
      "y2": 6
    },
    {
      "x1": 15,
      "y1": 6,
      "x2": 15,
      "y2": 9
    },
    {
      "x1": 16,
      "y1": 8,
      "x2": 16,
      "y2": 6
    },
    {
      "x1": 16,
      "y1": 8,
      "x2": 16,
      "y2": 12
    },
    {
      "x1": 19,
      "y1": 5,
      "x2": 19,
      "y2": 9
    },
    {
      "x1": 25,
      "y1": 6,
      "x2": 25,
      "y2": 10
    },
    {
      "x1": 25,
      "y1": 10,
      "x2": 25,
      "y2": 12
    },
    {
      "x1": 37,
      "y1": 6,
      "x2": 37,
      "y2": 9
    },
    {
      "x1": 37,
      "y1": 9,
      "x2": 37,
      "y2": 12
    },
    {
      "x1": 11,
      "y1": -1,
      "x2": 11,
      "y2": 2
    },
    {
      "x1": 11,
      "y1": 2,
      "x2": 11,
      "y2": 9
    },
    {
      "x1": 11,
      "y1": 9,
      "x2": 11,
      "y2": 12
    },
    {
      "x1": 9,
      "y1": 10,
      "x2": 9,
      "y2": 7
    },
    {
      "x1": 61,
      "y1": 10,
      "x2": 61,
      "y2": 12
    },
    {
      "x1": 55,
      "y1": 6,
      "x2": 55,
      "y2": 9
    },
    {
      "x1": 52,
      "y1": 6,
      "x2": 52,
      "y2": 8
    },
    {
      "x1": 52,
      "y1": 8,
      "x2": 52,
      "y2": 12
    },
    {
      "x1": 73,
      "y1": 6,
      "x2": 73,
      "y2": 9
    },
    {
      "x1": 73,
      "y1": 9,
      "x2": 73,
      "y2": 12
    },
    {
      "x1": 7,
      "y1": 8,
      "x2": 7,
      "y2": 11
    },
    {
      "x1": 40,
      "y1": 11,
      "x2": 40,
      "y2": 8
    },
    {
      "x1": 19,
      "y1": 11,
      "x2": 19,
      "y2": 12
    },
    {
      "x1": 47,
      "y1": 2,
      "x2": 47,
      "y2": 9
    },
    {
      "x1": 47,
      "y1": 9,
      "x2": 47,
      "y2": 12
    },
    {
      "x1": 41,
      "y1": 9,
      "x2": 41,
      "y2": 6
    },
    {
      "x1": 51,
      "y1": 6,
      "x2": 51,
      "y2": 9
    },
    {
      "x1": 10,
      "y1": 7,
      "x2": 10,
      "y2": 9
    },
    {
      "x1": 6,
      "y1": 9,
      "x2": 6,
      "y2": 10
    },
    {
      "x1": 43,
      "y1": 8,
      "x2": 43,
      "y2": 11
    },
    {
      "x1": 76,
      "y1": 11,
      "x2": 76,
      "y2": 8
    },
    {
      "x1": 61,
      "y1": 1,
      "x2": 61,
      "y2": 10
    },
    {
      "x1": 55,
      "y1": 11,
      "x2": 55,
      "y2": 12
    },
    {
      "x1": 45,
      "y1": 7,
      "x2": 45,
      "y2": 10
    },
    {
      "x1": 44,
      "y1": 10,
      "x2": 44,
      "y2": 8
    },
    {
      "x1": 50,
      "y1": 8,
      "x2": 50,
      "y2": 7
    },
    {
      "x1": 40,
      "y1": 15,
      "x2": 40,
      "y2": 17
    },
    {
      "x1": 7,
      "y1": 17,
      "x2": 7,
      "y2": 15
    },
    {
      "x1": 15,
      "y1": 14,
      "x2": 15,
      "y2": 12
    },
    {
      "x1": 5,
      "y1": 12,
      "x2": 5,
      "y2": 14
    },
    {
      "x1": 19,
      "y1": 14,
      "x2": 19,
      "y2": 11
    },
    {
      "x1": 41,
      "y1": 14,
      "x2": 41,
      "y2": 12
    },
    {
      "x1": 51,
      "y1": 12,
      "x2": 51,
      "y2": 14
    },
    {
      "x1": 43,
      "y1": 15,
      "x2": 43,
      "y2": 17
    },
    {
      "x1": 76,
      "y1": 17,
      "x2": 76,
      "y2": 15
    },
    {
      "x1": 34,
      "y1": 16,
      "x2": 34,
      "y2": 13
    },
    {
      "x1": 72,
      "y1": 16,
      "x2": 72,
      "y2": 13
    },
    {
      "x1": 16,
      "y1": 15,
      "x2": 16,
      "y2": 11
    },
    {
      "x1": 16,
      "y1": 15,
      "x2": 16,
      "y2": 18
    },
    {
      "x1": 25,
      "y1": 18,
      "x2": 25,
      "y2": 13
    },
    {
      "x1": 25,
      "y1": 13,
      "x2": 25,
      "y2": 11
    },
    {
      "x1": 37,
      "y1": 14,
      "x2": 37,
      "y2": 11
    },
    {
      "x1": 37,
      "y1": 14,
      "x2": 37,
      "y2": 18
    },
    {
      "x1": 47,
      "y1": 14,
      "x2": 47,
      "y2": 11
    },
    {
      "x1": 52,
      "y1": 18,
      "x2": 52,
      "y2": 15
    },
    {
      "x1": 52,
      "y1": 15,
      "x2": 52,
      "y2": 11
    },
    {
      "x1": 61,
      "y1": 13,
      "x2": 61,
      "y2": 11
    },
    {
      "x1": 73,
      "y1": 14,
      "x2": 73,
      "y2": 11
    },
    {
      "x1": 73,
      "y1": 14,
      "x2": 73,
      "y2": 18
    },
    {
      "x1": 55,
      "y1": 14,
      "x2": 55,
      "y2": 11
    },
    {
      "x1": 55,
      "y1": 17,
      "x2": 55,
      "y2": 18
    },
    {
      "x1": 5,
      "y1": 21,
      "x2": 5,
      "y2": 18
    },
    {
      "x1": 15,
      "y1": 18,
      "x2": 15,
      "y2": 21
    },
    {
      "x1": 16,
      "y1": 20,
      "x2": 16,
      "y2": 18
    },
    {
      "x1": 16,
      "y1": 20,
      "x2": 16,
      "y2": 24
    },
    {
      "x1": 19,
      "y1": 17,
      "x2": 19,
      "y2": 21
    },
    {
      "x1": 25,
      "y1": 18,
      "x2": 25,
      "y2": 22
    },
    {
      "x1": 25,
      "y1": 22,
      "x2": 25,
      "y2": 24
    },
    {
      "x1": 37,
      "y1": 18,
      "x2": 37,
      "y2": 21
    },
    {
      "x1": 37,
      "y1": 21,
      "x2": 37,
      "y2": 24
    },
    {
      "x1": 11,
      "y1": 11,
      "x2": 11,
      "y2": 14
    },
    {
      "x1": 11,
      "y1": 14,
      "x2": 11,
      "y2": 21
    },
    {
      "x1": 11,
      "y1": 21,
      "x2": 11,
      "y2": 24
    },
    {
      "x1": 9,
      "y1": 22,
      "x2": 9,
      "y2": 19
    },
    {
      "x1": 61,
      "y1": 22,
      "x2": 61,
      "y2": 24
    },
    {
      "x1": 55,
      "y1": 18,
      "x2": 55,
      "y2": 21
    },
    {
      "x1": 52,
      "y1": 18,
      "x2": 52,
      "y2": 20
    },
    {
      "x1": 52,
      "y1": 20,
      "x2": 52,
      "y2": 24
    },
    {
      "x1": 73,
      "y1": 18,
      "x2": 73,
      "y2": 21
    },
    {
      "x1": 73,
      "y1": 21,
      "x2": 73,
      "y2": 24
    },
    {
      "x1": 7,
      "y1": 20,
      "x2": 7,
      "y2": 23
    },
    {
      "x1": 40,
      "y1": 23,
      "x2": 40,
      "y2": 20
    },
    {
      "x1": 19,
      "y1": 23,
      "x2": 19,
      "y2": 24
    },
    {
      "x1": 47,
      "y1": 14,
      "x2": 47,
      "y2": 21
    },
    {
      "x1": 47,
      "y1": 21,
      "x2": 47,
      "y2": 24
    },
    {
      "x1": 41,
      "y1": 21,
      "x2": 41,
      "y2": 18
    },
    {
      "x1": 51,
      "y1": 18,
      "x2": 51,
      "y2": 21
    },
    {
      "x1": 10,
      "y1": 19,
      "x2": 10,
      "y2": 21
    },
    {
      "x1": 6,
      "y1": 21,
      "x2": 6,
      "y2": 22
    },
    {
      "x1": 43,
      "y1": 20,
      "x2": 43,
      "y2": 23
    },
    {
      "x1": 76,
      "y1": 23,
      "x2": 76,
      "y2": 20
    },
    {
      "x1": 61,
      "y1": 13,
      "x2": 61,
      "y2": 22
    },
    {
      "x1": 55,
      "y1": 23,
      "x2": 55,
      "y2": 24
    },
    {
      "x1": 45,
      "y1": 19,
      "x2": 45,
      "y2": 22
    },
    {
      "x1": 44,
      "y1": 22,
      "x2": 44,
      "y2": 20
    },
    {
      "x1": 50,
      "y1": 20,
      "x2": 50,
      "y2": 19
    },
    {
      "x1": 40,
      "y1": 27,
      "x2": 40,
      "y2": 29
    },
    {
      "x1": 7,
      "y1": 29,
      "x2": 7,
      "y2": 27
    },
    {
      "x1": 15,
      "y1": 26,
      "x2": 15,
      "y2": 24
    },
    {
      "x1": 5,
      "y1": 24,
      "x2": 5,
      "y2": 26
    },
    {
      "x1": 19,
      "y1": 26,
      "x2": 19,
      "y2": 23
    },
    {
      "x1": 41,
      "y1": 26,
      "x2": 41,
      "y2": 24
    },
    {
      "x1": 51,
      "y1": 24,
      "x2": 51,
      "y2": 26
    },
    {
      "x1": 43,
      "y1": 27,
      "x2": 43,
      "y2": 29
    },
    {
      "x1": 76,
      "y1": 29,
      "x2": 76,
      "y2": 27
    },
    {
      "x1": 34,
      "y1": 28,
      "x2": 34,
      "y2": 25
    },
    {
      "x1": 72,
      "y1": 28,
      "x2": 72,
      "y2": 25
    },
    {
      "x1": 16,
      "y1": 27,
      "x2": 16,
      "y2": 23
    },
    {
      "x1": 16,
      "y1": 27,
      "x2": 16,
      "y2": 30
    },
    {
      "x1": 25,
      "y1": 30,
      "x2": 25,
      "y2": 25
    },
    {
      "x1": 25,
      "y1": 25,
      "x2": 25,
      "y2": 23
    },
    {
      "x1": 37,
      "y1": 26,
      "x2": 37,
      "y2": 23
    },
    {
      "x1": 37,
      "y1": 26,
      "x2": 37,
      "y2": 30
    },
    {
      "x1": 47,
      "y1": 26,
      "x2": 47,
      "y2": 23
    },
    {
      "x1": 52,
      "y1": 30,
      "x2": 52,
      "y2": 27
    },
    {
      "x1": 52,
      "y1": 27,
      "x2": 52,
      "y2": 23
    },
    {
      "x1": 61,
      "y1": 25,
      "x2": 61,
      "y2": 23
    },
    {
      "x1": 73,
      "y1": 26,
      "x2": 73,
      "y2": 23
    },
    {
      "x1": 73,
      "y1": 26,
      "x2": 73,
      "y2": 30
    },
    {
      "x1": 55,
      "y1": 26,
      "x2": 55,
      "y2": 23
    },
    {
      "x1": 55,
      "y1": 29,
      "x2": 55,
      "y2": 30
    },
    {
      "x1": 5,
      "y1": 33,
      "x2": 5,
      "y2": 30
    },
    {
      "x1": 15,
      "y1": 30,
      "x2": 15,
      "y2": 33
    },
    {
      "x1": 16,
      "y1": 32,
      "x2": 16,
      "y2": 30
    },
    {
      "x1": 16,
      "y1": 32,
      "x2": 16,
      "y2": 36
    },
    {
      "x1": 19,
      "y1": 29,
      "x2": 19,
      "y2": 33
    },
    {
      "x1": 25,
      "y1": 30,
      "x2": 25,
      "y2": 34
    },
    {
      "x1": 25,
      "y1": 34,
      "x2": 25,
      "y2": 36
    },
    {
      "x1": 37,
      "y1": 30,
      "x2": 37,
      "y2": 33
    },
    {
      "x1": 37,
      "y1": 33,
      "x2": 37,
      "y2": 36
    },
    {
      "x1": 11,
      "y1": 23,
      "x2": 11,
      "y2": 26
    },
    {
      "x1": 11,
      "y1": 26,
      "x2": 11,
      "y2": 33
    },
    {
      "x1": 11,
      "y1": 33,
      "x2": 11,
      "y2": 36
    },
    {
      "x1": 9,
      "y1": 34,
      "x2": 9,
      "y2": 31
    },
    {
      "x1": 61,
      "y1": 34,
      "x2": 61,
      "y2": 36
    },
    {
      "x1": 55,
      "y1": 30,
      "x2": 55,
      "y2": 33
    },
    {
      "x1": 52,
      "y1": 30,
      "x2": 52,
      "y2": 32
    },
    {
      "x1": 52,
      "y1": 32,
      "x2": 52,
      "y2": 36
    },
    {
      "x1": 73,
      "y1": 30,
      "x2": 73,
      "y2": 33
    },
    {
      "x1": 73,
      "y1": 33,
      "x2": 73,
      "y2": 36
    },
    {
      "x1": 7,
      "y1": 32,
      "x2": 7,
      "y2": 35
    },
    {
      "x1": 40,
      "y1": 35,
      "x2": 40,
      "y2": 32
    },
    {
      "x1": 19,
      "y1": 35,
      "x2": 19,
      "y2": 36
    },
    {
      "x1": 47,
      "y1": 26,
      "x2": 47,
      "y2": 33
    },
    {
      "x1": 47,
      "y1": 33,
      "x2": 47,
      "y2": 36
    },
    {
      "x1": 41,
      "y1": 33,
      "x2": 41,
      "y2": 30
    },
    {
      "x1": 51,
      "y1": 30,
      "x2": 51,
      "y2": 33
    },
    {
      "x1": 10,
      "y1": 31,
      "x2": 10,
      "y2": 33
    },
    {
      "x1": 6,
      "y1": 33,
      "x2": 6,
      "y2": 34
    },
    {
      "x1": 43,
      "y1": 32,
      "x2": 43,
      "y2": 35
    },
    {
      "x1": 76,
      "y1": 35,
      "x2": 76,
      "y2": 32
    },
    {
      "x1": 61,
      "y1": 25,
      "x2": 61,
      "y2": 34
    },
    {
      "x1": 55,
      "y1": 35,
      "x2": 55,
      "y2": 36
    },
    {
      "x1": 45,
      "y1": 31,
      "x2": 45,
      "y2": 34
    },
    {
      "x1": 44,
      "y1": 34,
      "x2": 44,
      "y2": 32
    },
    {
      "x1": 50,
      "y1": 32,
      "x2": 50,
      "y2": 31
    },
    {
      "x1": 40,
      "y1": 39,
      "x2": 40,
      "y2": 41
    },
    {
      "x1": 7,
      "y1": 41,
      "x2": 7,
      "y2": 39
    },
    {
      "x1": 15,
      "y1": 38,
      "x2": 15,
      "y2": 36
    },
    {
      "x1": 5,
      "y1": 36,
      "x2": 5,
      "y2": 38
    },
    {
      "x1": 19,
      "y1": 38,
      "x2": 19,
      "y2": 35
    },
    {
      "x1": 41,
      "y1": 38,
      "x2": 41,
      "y2": 36
    },
    {
      "x1": 51,
      "y1": 36,
      "x2": 51,
      "y2": 38
    },
    {
      "x1": 43,
      "y1": 39,
      "x2": 43,
      "y2": 41
    },
    {
      "x1": 76,
      "y1": 41,
      "x2": 76,
      "y2": 39
    },
    {
      "x1": 34,
      "y1": 40,
      "x2": 34,
      "y2": 37
    },
    {
      "x1": 72,
      "y1": 40,
      "x2": 72,
      "y2": 37
    },
    {
      "x1": 16,
      "y1": 39,
      "x2": 16,
      "y2": 35
    },
    {
      "x1": 16,
      "y1": 39,
      "x2": 16,
      "y2": 42
    },
    {
      "x1": 25,
      "y1": 42,
      "x2": 25,
      "y2": 37
    },
    {
      "x1": 25,
      "y1": 37,
      "x2": 25,
      "y2": 35
    },
    {
      "x1": 37,
      "y1": 38,
      "x2": 37,
      "y2": 35
    },
    {
      "x1": 37,
      "y1": 38,
      "x2": 37,
      "y2": 42
    },
    {
      "x1": 47,
      "y1": 38,
      "x2": 47,
      "y2": 35
    },
    {
      "x1": 52,
      "y1": 42,
      "x2": 52,
      "y2": 39
    },
    {
      "x1": 52,
      "y1": 39,
      "x2": 52,
      "y2": 35
    },
    {
      "x1": 61,
      "y1": 37,
      "x2": 61,
      "y2": 35
    },
    {
      "x1": 73,
      "y1": 38,
      "x2": 73,
      "y2": 35
    },
    {
      "x1": 73,
      "y1": 38,
      "x2": 73,
      "y2": 42
    },
    {
      "x1": 55,
      "y1": 38,
      "x2": 55,
      "y2": 35
    },
    {
      "x1": 55,
      "y1": 41,
      "x2": 55,
      "y2": 42
    },
    {
      "x1": 5,
      "y1": 45,
      "x2": 5,
      "y2": 42
    },
    {
      "x1": 15,
      "y1": 42,
      "x2": 15,
      "y2": 45
    },
    {
      "x1": 16,
      "y1": 44,
      "x2": 16,
      "y2": 42
    },
    {
      "x1": 16,
      "y1": 44,
      "x2": 16,
      "y2": 48
    },
    {
      "x1": 19,
      "y1": 41,
      "x2": 19,
      "y2": 45
    },
    {
      "x1": 25,
      "y1": 42,
      "x2": 25,
      "y2": 46
    },
    {
      "x1": 25,
      "y1": 46,
      "x2": 25,
      "y2": 48
    },
    {
      "x1": 37,
      "y1": 42,
      "x2": 37,
      "y2": 45
    },
    {
      "x1": 37,
      "y1": 45,
      "x2": 37,
      "y2": 48
    },
    {
      "x1": 11,
      "y1": 35,
      "x2": 11,
      "y2": 38
    },
    {
      "x1": 11,
      "y1": 38,
      "x2": 11,
      "y2": 45
    },
    {
      "x1": 11,
      "y1": 45,
      "x2": 11,
      "y2": 48
    },
    {
      "x1": 9,
      "y1": 46,
      "x2": 9,
      "y2": 43
    },
    {
      "x1": 61,
      "y1": 46,
      "x2": 61,
      "y2": 48
    },
    {
      "x1": 55,
      "y1": 42,
      "x2": 55,
      "y2": 45
    },
    {
      "x1": 52,
      "y1": 42,
      "x2": 52,
      "y2": 44
    },
    {
      "x1": 52,
      "y1": 44,
      "x2": 52,
      "y2": 48
    },
    {
      "x1": 73,
      "y1": 42,
      "x2": 73,
      "y2": 45
    },
    {
      "x1": 73,
      "y1": 45,
      "x2": 73,
      "y2": 48
    },
    {
      "x1": 7,
      "y1": 44,
      "x2": 7,
      "y2": 47
    },
    {
      "x1": 40,
      "y1": 47,
      "x2": 40,
      "y2": 44
    },
    {
      "x1": 19,
      "y1": 47,
      "x2": 19,
      "y2": 48
    },
    {
      "x1": 47,
      "y1": 38,
      "x2": 47,
      "y2": 45
    },
    {
      "x1": 47,
      "y1": 45,
      "x2": 47,
      "y2": 48
    },
    {
      "x1": 41,
      "y1": 45,
      "x2": 41,
      "y2": 42
    },
    {
      "x1": 51,
      "y1": 42,
      "x2": 51,
      "y2": 45
    },
    {
      "x1": 10,
      "y1": 43,
      "x2": 10,
      "y2": 45
    },
    {
      "x1": 6,
      "y1": 45,
      "x2": 6,
      "y2": 46
    },
    {
      "x1": 43,
      "y1": 44,
      "x2": 43,
      "y2": 47
    },
    {
      "x1": 76,
      "y1": 47,
      "x2": 76,
      "y2": 44
    },
    {
      "x1": 61,
      "y1": 37,
      "x2": 61,
      "y2": 46
    },
    {
      "x1": 55,
      "y1": 47,
      "x2": 55,
      "y2": 48
    },
    {
      "x1": 45,
      "y1": 43,
      "x2": 45,
      "y2": 46
    },
    {
      "x1": 44,
      "y1": 46,
      "x2": 44,
      "y2": 44
    },
    {
      "x1": 50,
      "y1": 44,
      "x2": 50,
      "y2": 43
    }
  ],
  "static": {},
  "vias": {
    "40 3": {
      "name": "via",
      "x": 40,
      "y": 3
    },
    "40 5": {
      "name": "via",
      "x": 40,
      "y": 5
    },
    "7 5": {
      "name": "via",
      "x": 7,
      "y": 5
    },
    "7 3": {
      "name": "via",
      "x": 7,
      "y": 3
    },
    "9 1": {
      "name": "via",
      "x": 9,
      "y": 1
    },
    "15 2": {
      "name": "via",
      "x": 15,
      "y": 2
    },
    "15 0": {
      "name": "via",
      "x": 15,
      "y": 0
    },
    "5 0": {
      "name": "via",
      "x": 5,
      "y": 0
    },
    "5 2": {
      "name": "via",
      "x": 5,
      "y": 2
    },
    "19 5": {
      "name": "via",
      "x": 19,
      "y": 5
    },
    "19 2": {
      "name": "via",
      "x": 19,
      "y": 2
    },
    "41 2": {
      "name": "via",
      "x": 41,
      "y": 2
    },
    "41 0": {
      "name": "via",
      "x": 41,
      "y": 0
    },
    "51 0": {
      "name": "via",
      "x": 51,
      "y": 0
    },
    "51 2": {
      "name": "via",
      "x": 51,
      "y": 2
    },
    "43 3": {
      "name": "via",
      "x": 43,
      "y": 3
    },
    "43 5": {
      "name": "via",
      "x": 43,
      "y": 5
    },
    "76 5": {
      "name": "via",
      "x": 76,
      "y": 5
    },
    "76 3": {
      "name": "via",
      "x": 76,
      "y": 3
    },
    "45 1": {
      "name": "via",
      "x": 45,
      "y": 1
    },
    "34 4": {
      "name": "via",
      "x": 34,
      "y": 4
    },
    "34 1": {
      "name": "via",
      "x": 34,
      "y": 1
    },
    "72 4": {
      "name": "via",
      "x": 72,
      "y": 4
    },
    "72 1": {
      "name": "via",
      "x": 72,
      "y": 1
    },
    "76 4": {
      "name": "via",
      "x": 76,
      "y": 4
    },
    "16 3": {
      "name": "via",
      "x": 16,
      "y": 3
    },
    "25 1": {
      "name": "via",
      "x": 25,
      "y": 1
    },
    "37 2": {
      "name": "via",
      "x": 37,
      "y": 2
    },
    "47 2": {
      "name": "via",
      "x": 47,
      "y": 2
    },
    "52 3": {
      "name": "via",
      "x": 52,
      "y": 3
    },
    "61 1": {
      "name": "via",
      "x": 61,
      "y": 1
    },
    "73 2": {
      "name": "via",
      "x": 73,
      "y": 2
    },
    "55 2": {
      "name": "via",
      "x": 55,
      "y": 2
    },
    "55 5": {
      "name": "via",
      "x": 55,
      "y": 5
    },
    "-12 -24": {
      "name": "via",
      "x": -12,
      "y": -24
    },
    "5 9": {
      "name": "via",
      "x": 5,
      "y": 9
    },
    "5 6": {
      "name": "via",
      "x": 5,
      "y": 6
    },
    "15 6": {
      "name": "via",
      "x": 15,
      "y": 6
    },
    "15 9": {
      "name": "via",
      "x": 15,
      "y": 9
    },
    "16 8": {
      "name": "via",
      "x": 16,
      "y": 8
    },
    "19 9": {
      "name": "via",
      "x": 19,
      "y": 9
    },
    "25 10": {
      "name": "via",
      "x": 25,
      "y": 10
    },
    "37 9": {
      "name": "via",
      "x": 37,
      "y": 9
    },
    "11 2": {
      "name": "via",
      "x": 11,
      "y": 2
    },
    "11 9": {
      "name": "via",
      "x": 11,
      "y": 9
    },
    "9 10": {
      "name": "via",
      "x": 9,
      "y": 10
    },
    "9 7": {
      "name": "via",
      "x": 9,
      "y": 7
    },
    "55 9": {
      "name": "via",
      "x": 55,
      "y": 9
    },
    "52 6": {
      "name": "via",
      "x": 52,
      "y": 6
    },
    "52 8": {
      "name": "via",
      "x": 52,
      "y": 8
    },
    "73 9": {
      "name": "via",
      "x": 73,
      "y": 9
    },
    "7 8": {
      "name": "via",
      "x": 7,
      "y": 8
    },
    "7 11": {
      "name": "via",
      "x": 7,
      "y": 11
    },
    "40 11": {
      "name": "via",
      "x": 40,
      "y": 11
    },
    "40 8": {
      "name": "via",
      "x": 40,
      "y": 8
    },
    "19 11": {
      "name": "via",
      "x": 19,
      "y": 11
    },
    "45 10": {
      "name": "via",
      "x": 45,
      "y": 10
    },
    "47 9": {
      "name": "via",
      "x": 47,
      "y": 9
    },
    "41 9": {
      "name": "via",
      "x": 41,
      "y": 9
    },
    "41 6": {
      "name": "via",
      "x": 41,
      "y": 6
    },
    "51 6": {
      "name": "via",
      "x": 51,
      "y": 6
    },
    "51 9": {
      "name": "via",
      "x": 51,
      "y": 9
    },
    "45 7": {
      "name": "via",
      "x": 45,
      "y": 7
    },
    "10 7": {
      "name": "via",
      "x": 10,
      "y": 7
    },
    "10 9": {
      "name": "via",
      "x": 10,
      "y": 9
    },
    "6 9": {
      "name": "via",
      "x": 6,
      "y": 9
    },
    "6 10": {
      "name": "via",
      "x": 6,
      "y": 10
    },
    "43 8": {
      "name": "via",
      "x": 43,
      "y": 8
    },
    "43 11": {
      "name": "via",
      "x": 43,
      "y": 11
    },
    "76 11": {
      "name": "via",
      "x": 76,
      "y": 11
    },
    "76 8": {
      "name": "via",
      "x": 76,
      "y": 8
    },
    "61 10": {
      "name": "via",
      "x": 61,
      "y": 10
    },
    "55 11": {
      "name": "via",
      "x": 55,
      "y": 11
    },
    "40 10": {
      "name": "via",
      "x": 40,
      "y": 10
    },
    "44 10": {
      "name": "via",
      "x": 44,
      "y": 10
    },
    "44 8": {
      "name": "via",
      "x": 44,
      "y": 8
    },
    "50 8": {
      "name": "via",
      "x": 50,
      "y": 8
    },
    "50 7": {
      "name": "via",
      "x": 50,
      "y": 7
    },
    "76 10": {
      "name": "via",
      "x": 76,
      "y": 10
    },
    "40 4": {
      "name": "via",
      "x": 40,
      "y": 4
    },
    "40 15": {
      "name": "via",
      "x": 40,
      "y": 15
    },
    "40 17": {
      "name": "via",
      "x": 40,
      "y": 17
    },
    "7 17": {
      "name": "via",
      "x": 7,
      "y": 17
    },
    "7 15": {
      "name": "via",
      "x": 7,
      "y": 15
    },
    "9 13": {
      "name": "via",
      "x": 9,
      "y": 13
    },
    "15 14": {
      "name": "via",
      "x": 15,
      "y": 14
    },
    "15 12": {
      "name": "via",
      "x": 15,
      "y": 12
    },
    "5 12": {
      "name": "via",
      "x": 5,
      "y": 12
    },
    "5 14": {
      "name": "via",
      "x": 5,
      "y": 14
    },
    "19 17": {
      "name": "via",
      "x": 19,
      "y": 17
    },
    "19 14": {
      "name": "via",
      "x": 19,
      "y": 14
    },
    "41 14": {
      "name": "via",
      "x": 41,
      "y": 14
    },
    "41 12": {
      "name": "via",
      "x": 41,
      "y": 12
    },
    "51 12": {
      "name": "via",
      "x": 51,
      "y": 12
    },
    "51 14": {
      "name": "via",
      "x": 51,
      "y": 14
    },
    "43 15": {
      "name": "via",
      "x": 43,
      "y": 15
    },
    "43 17": {
      "name": "via",
      "x": 43,
      "y": 17
    },
    "76 17": {
      "name": "via",
      "x": 76,
      "y": 17
    },
    "76 15": {
      "name": "via",
      "x": 76,
      "y": 15
    },
    "45 13": {
      "name": "via",
      "x": 45,
      "y": 13
    },
    "34 16": {
      "name": "via",
      "x": 34,
      "y": 16
    },
    "34 13": {
      "name": "via",
      "x": 34,
      "y": 13
    },
    "72 16": {
      "name": "via",
      "x": 72,
      "y": 16
    },
    "72 13": {
      "name": "via",
      "x": 72,
      "y": 13
    },
    "76 16": {
      "name": "via",
      "x": 76,
      "y": 16
    },
    "16 15": {
      "name": "via",
      "x": 16,
      "y": 15
    },
    "25 13": {
      "name": "via",
      "x": 25,
      "y": 13
    },
    "37 14": {
      "name": "via",
      "x": 37,
      "y": 14
    },
    "47 14": {
      "name": "via",
      "x": 47,
      "y": 14
    },
    "52 15": {
      "name": "via",
      "x": 52,
      "y": 15
    },
    "61 13": {
      "name": "via",
      "x": 61,
      "y": 13
    },
    "73 14": {
      "name": "via",
      "x": 73,
      "y": 14
    },
    "55 14": {
      "name": "via",
      "x": 55,
      "y": 14
    },
    "55 17": {
      "name": "via",
      "x": 55,
      "y": 17
    },
    "-12 -12": {
      "name": "via",
      "x": -12,
      "y": -12
    },
    "5 21": {
      "name": "via",
      "x": 5,
      "y": 21
    },
    "5 18": {
      "name": "via",
      "x": 5,
      "y": 18
    },
    "15 18": {
      "name": "via",
      "x": 15,
      "y": 18
    },
    "15 21": {
      "name": "via",
      "x": 15,
      "y": 21
    },
    "16 20": {
      "name": "via",
      "x": 16,
      "y": 20
    },
    "19 21": {
      "name": "via",
      "x": 19,
      "y": 21
    },
    "25 22": {
      "name": "via",
      "x": 25,
      "y": 22
    },
    "37 21": {
      "name": "via",
      "x": 37,
      "y": 21
    },
    "11 14": {
      "name": "via",
      "x": 11,
      "y": 14
    },
    "11 21": {
      "name": "via",
      "x": 11,
      "y": 21
    },
    "9 22": {
      "name": "via",
      "x": 9,
      "y": 22
    },
    "9 19": {
      "name": "via",
      "x": 9,
      "y": 19
    },
    "55 21": {
      "name": "via",
      "x": 55,
      "y": 21
    },
    "52 18": {
      "name": "via",
      "x": 52,
      "y": 18
    },
    "52 20": {
      "name": "via",
      "x": 52,
      "y": 20
    },
    "73 21": {
      "name": "via",
      "x": 73,
      "y": 21
    },
    "7 20": {
      "name": "via",
      "x": 7,
      "y": 20
    },
    "7 23": {
      "name": "via",
      "x": 7,
      "y": 23
    },
    "40 23": {
      "name": "via",
      "x": 40,
      "y": 23
    },
    "40 20": {
      "name": "via",
      "x": 40,
      "y": 20
    },
    "19 23": {
      "name": "via",
      "x": 19,
      "y": 23
    },
    "45 22": {
      "name": "via",
      "x": 45,
      "y": 22
    },
    "47 21": {
      "name": "via",
      "x": 47,
      "y": 21
    },
    "41 21": {
      "name": "via",
      "x": 41,
      "y": 21
    },
    "41 18": {
      "name": "via",
      "x": 41,
      "y": 18
    },
    "51 18": {
      "name": "via",
      "x": 51,
      "y": 18
    },
    "51 21": {
      "name": "via",
      "x": 51,
      "y": 21
    },
    "45 19": {
      "name": "via",
      "x": 45,
      "y": 19
    },
    "10 19": {
      "name": "via",
      "x": 10,
      "y": 19
    },
    "10 21": {
      "name": "via",
      "x": 10,
      "y": 21
    },
    "6 21": {
      "name": "via",
      "x": 6,
      "y": 21
    },
    "6 22": {
      "name": "via",
      "x": 6,
      "y": 22
    },
    "43 20": {
      "name": "via",
      "x": 43,
      "y": 20
    },
    "43 23": {
      "name": "via",
      "x": 43,
      "y": 23
    },
    "76 23": {
      "name": "via",
      "x": 76,
      "y": 23
    },
    "76 20": {
      "name": "via",
      "x": 76,
      "y": 20
    },
    "61 22": {
      "name": "via",
      "x": 61,
      "y": 22
    },
    "55 23": {
      "name": "via",
      "x": 55,
      "y": 23
    },
    "40 22": {
      "name": "via",
      "x": 40,
      "y": 22
    },
    "44 22": {
      "name": "via",
      "x": 44,
      "y": 22
    },
    "44 20": {
      "name": "via",
      "x": 44,
      "y": 20
    },
    "50 20": {
      "name": "via",
      "x": 50,
      "y": 20
    },
    "50 19": {
      "name": "via",
      "x": 50,
      "y": 19
    },
    "76 22": {
      "name": "via",
      "x": 76,
      "y": 22
    },
    "40 16": {
      "name": "via",
      "x": 40,
      "y": 16
    },
    "40 27": {
      "name": "via",
      "x": 40,
      "y": 27
    },
    "40 29": {
      "name": "via",
      "x": 40,
      "y": 29
    },
    "7 29": {
      "name": "via",
      "x": 7,
      "y": 29
    },
    "7 27": {
      "name": "via",
      "x": 7,
      "y": 27
    },
    "9 25": {
      "name": "via",
      "x": 9,
      "y": 25
    },
    "15 26": {
      "name": "via",
      "x": 15,
      "y": 26
    },
    "15 24": {
      "name": "via",
      "x": 15,
      "y": 24
    },
    "5 24": {
      "name": "via",
      "x": 5,
      "y": 24
    },
    "5 26": {
      "name": "via",
      "x": 5,
      "y": 26
    },
    "19 29": {
      "name": "via",
      "x": 19,
      "y": 29
    },
    "19 26": {
      "name": "via",
      "x": 19,
      "y": 26
    },
    "41 26": {
      "name": "via",
      "x": 41,
      "y": 26
    },
    "41 24": {
      "name": "via",
      "x": 41,
      "y": 24
    },
    "51 24": {
      "name": "via",
      "x": 51,
      "y": 24
    },
    "51 26": {
      "name": "via",
      "x": 51,
      "y": 26
    },
    "43 27": {
      "name": "via",
      "x": 43,
      "y": 27
    },
    "43 29": {
      "name": "via",
      "x": 43,
      "y": 29
    },
    "76 29": {
      "name": "via",
      "x": 76,
      "y": 29
    },
    "76 27": {
      "name": "via",
      "x": 76,
      "y": 27
    },
    "45 25": {
      "name": "via",
      "x": 45,
      "y": 25
    },
    "34 28": {
      "name": "via",
      "x": 34,
      "y": 28
    },
    "34 25": {
      "name": "via",
      "x": 34,
      "y": 25
    },
    "72 28": {
      "name": "via",
      "x": 72,
      "y": 28
    },
    "72 25": {
      "name": "via",
      "x": 72,
      "y": 25
    },
    "76 28": {
      "name": "via",
      "x": 76,
      "y": 28
    },
    "16 27": {
      "name": "via",
      "x": 16,
      "y": 27
    },
    "25 25": {
      "name": "via",
      "x": 25,
      "y": 25
    },
    "37 26": {
      "name": "via",
      "x": 37,
      "y": 26
    },
    "47 26": {
      "name": "via",
      "x": 47,
      "y": 26
    },
    "52 27": {
      "name": "via",
      "x": 52,
      "y": 27
    },
    "61 25": {
      "name": "via",
      "x": 61,
      "y": 25
    },
    "73 26": {
      "name": "via",
      "x": 73,
      "y": 26
    },
    "55 26": {
      "name": "via",
      "x": 55,
      "y": 26
    },
    "55 29": {
      "name": "via",
      "x": 55,
      "y": 29
    },
    "-12 0": {
      "name": "via",
      "x": -12,
      "y": 0
    },
    "5 33": {
      "name": "via",
      "x": 5,
      "y": 33
    },
    "5 30": {
      "name": "via",
      "x": 5,
      "y": 30
    },
    "15 30": {
      "name": "via",
      "x": 15,
      "y": 30
    },
    "15 33": {
      "name": "via",
      "x": 15,
      "y": 33
    },
    "16 32": {
      "name": "via",
      "x": 16,
      "y": 32
    },
    "19 33": {
      "name": "via",
      "x": 19,
      "y": 33
    },
    "25 34": {
      "name": "via",
      "x": 25,
      "y": 34
    },
    "37 33": {
      "name": "via",
      "x": 37,
      "y": 33
    },
    "11 26": {
      "name": "via",
      "x": 11,
      "y": 26
    },
    "11 33": {
      "name": "via",
      "x": 11,
      "y": 33
    },
    "9 34": {
      "name": "via",
      "x": 9,
      "y": 34
    },
    "9 31": {
      "name": "via",
      "x": 9,
      "y": 31
    },
    "55 33": {
      "name": "via",
      "x": 55,
      "y": 33
    },
    "52 30": {
      "name": "via",
      "x": 52,
      "y": 30
    },
    "52 32": {
      "name": "via",
      "x": 52,
      "y": 32
    },
    "73 33": {
      "name": "via",
      "x": 73,
      "y": 33
    },
    "7 32": {
      "name": "via",
      "x": 7,
      "y": 32
    },
    "7 35": {
      "name": "via",
      "x": 7,
      "y": 35
    },
    "40 35": {
      "name": "via",
      "x": 40,
      "y": 35
    },
    "40 32": {
      "name": "via",
      "x": 40,
      "y": 32
    },
    "19 35": {
      "name": "via",
      "x": 19,
      "y": 35
    },
    "45 34": {
      "name": "via",
      "x": 45,
      "y": 34
    },
    "47 33": {
      "name": "via",
      "x": 47,
      "y": 33
    },
    "41 33": {
      "name": "via",
      "x": 41,
      "y": 33
    },
    "41 30": {
      "name": "via",
      "x": 41,
      "y": 30
    },
    "51 30": {
      "name": "via",
      "x": 51,
      "y": 30
    },
    "51 33": {
      "name": "via",
      "x": 51,
      "y": 33
    },
    "45 31": {
      "name": "via",
      "x": 45,
      "y": 31
    },
    "10 31": {
      "name": "via",
      "x": 10,
      "y": 31
    },
    "10 33": {
      "name": "via",
      "x": 10,
      "y": 33
    },
    "6 33": {
      "name": "via",
      "x": 6,
      "y": 33
    },
    "6 34": {
      "name": "via",
      "x": 6,
      "y": 34
    },
    "43 32": {
      "name": "via",
      "x": 43,
      "y": 32
    },
    "43 35": {
      "name": "via",
      "x": 43,
      "y": 35
    },
    "76 35": {
      "name": "via",
      "x": 76,
      "y": 35
    },
    "76 32": {
      "name": "via",
      "x": 76,
      "y": 32
    },
    "61 34": {
      "name": "via",
      "x": 61,
      "y": 34
    },
    "55 35": {
      "name": "via",
      "x": 55,
      "y": 35
    },
    "40 34": {
      "name": "via",
      "x": 40,
      "y": 34
    },
    "44 34": {
      "name": "via",
      "x": 44,
      "y": 34
    },
    "44 32": {
      "name": "via",
      "x": 44,
      "y": 32
    },
    "50 32": {
      "name": "via",
      "x": 50,
      "y": 32
    },
    "50 31": {
      "name": "via",
      "x": 50,
      "y": 31
    },
    "76 34": {
      "name": "via",
      "x": 76,
      "y": 34
    },
    "40 28": {
      "name": "via",
      "x": 40,
      "y": 28
    },
    "40 39": {
      "name": "via",
      "x": 40,
      "y": 39
    },
    "40 41": {
      "name": "via",
      "x": 40,
      "y": 41
    },
    "7 41": {
      "name": "via",
      "x": 7,
      "y": 41
    },
    "7 39": {
      "name": "via",
      "x": 7,
      "y": 39
    },
    "9 37": {
      "name": "via",
      "x": 9,
      "y": 37
    },
    "15 38": {
      "name": "via",
      "x": 15,
      "y": 38
    },
    "15 36": {
      "name": "via",
      "x": 15,
      "y": 36
    },
    "5 36": {
      "name": "via",
      "x": 5,
      "y": 36
    },
    "5 38": {
      "name": "via",
      "x": 5,
      "y": 38
    },
    "19 41": {
      "name": "via",
      "x": 19,
      "y": 41
    },
    "19 38": {
      "name": "via",
      "x": 19,
      "y": 38
    },
    "41 38": {
      "name": "via",
      "x": 41,
      "y": 38
    },
    "41 36": {
      "name": "via",
      "x": 41,
      "y": 36
    },
    "51 36": {
      "name": "via",
      "x": 51,
      "y": 36
    },
    "51 38": {
      "name": "via",
      "x": 51,
      "y": 38
    },
    "43 39": {
      "name": "via",
      "x": 43,
      "y": 39
    },
    "43 41": {
      "name": "via",
      "x": 43,
      "y": 41
    },
    "76 41": {
      "name": "via",
      "x": 76,
      "y": 41
    },
    "76 39": {
      "name": "via",
      "x": 76,
      "y": 39
    },
    "45 37": {
      "name": "via",
      "x": 45,
      "y": 37
    },
    "34 40": {
      "name": "via",
      "x": 34,
      "y": 40
    },
    "34 37": {
      "name": "via",
      "x": 34,
      "y": 37
    },
    "72 40": {
      "name": "via",
      "x": 72,
      "y": 40
    },
    "72 37": {
      "name": "via",
      "x": 72,
      "y": 37
    },
    "76 40": {
      "name": "via",
      "x": 76,
      "y": 40
    },
    "16 39": {
      "name": "via",
      "x": 16,
      "y": 39
    },
    "25 37": {
      "name": "via",
      "x": 25,
      "y": 37
    },
    "37 38": {
      "name": "via",
      "x": 37,
      "y": 38
    },
    "47 38": {
      "name": "via",
      "x": 47,
      "y": 38
    },
    "52 39": {
      "name": "via",
      "x": 52,
      "y": 39
    },
    "61 37": {
      "name": "via",
      "x": 61,
      "y": 37
    },
    "73 38": {
      "name": "via",
      "x": 73,
      "y": 38
    },
    "55 38": {
      "name": "via",
      "x": 55,
      "y": 38
    },
    "55 41": {
      "name": "via",
      "x": 55,
      "y": 41
    },
    "-12 12": {
      "name": "via",
      "x": -12,
      "y": 12
    },
    "5 45": {
      "name": "via",
      "x": 5,
      "y": 45
    },
    "5 42": {
      "name": "via",
      "x": 5,
      "y": 42
    },
    "15 42": {
      "name": "via",
      "x": 15,
      "y": 42
    },
    "15 45": {
      "name": "via",
      "x": 15,
      "y": 45
    },
    "16 44": {
      "name": "via",
      "x": 16,
      "y": 44
    },
    "19 45": {
      "name": "via",
      "x": 19,
      "y": 45
    },
    "25 46": {
      "name": "via",
      "x": 25,
      "y": 46
    },
    "37 45": {
      "name": "via",
      "x": 37,
      "y": 45
    },
    "11 38": {
      "name": "via",
      "x": 11,
      "y": 38
    },
    "11 45": {
      "name": "via",
      "x": 11,
      "y": 45
    },
    "9 46": {
      "name": "via",
      "x": 9,
      "y": 46
    },
    "9 43": {
      "name": "via",
      "x": 9,
      "y": 43
    },
    "55 45": {
      "name": "via",
      "x": 55,
      "y": 45
    },
    "52 42": {
      "name": "via",
      "x": 52,
      "y": 42
    },
    "52 44": {
      "name": "via",
      "x": 52,
      "y": 44
    },
    "73 45": {
      "name": "via",
      "x": 73,
      "y": 45
    },
    "7 44": {
      "name": "via",
      "x": 7,
      "y": 44
    },
    "7 47": {
      "name": "via",
      "x": 7,
      "y": 47
    },
    "40 47": {
      "name": "via",
      "x": 40,
      "y": 47
    },
    "40 44": {
      "name": "via",
      "x": 40,
      "y": 44
    },
    "19 47": {
      "name": "via",
      "x": 19,
      "y": 47
    },
    "45 46": {
      "name": "via",
      "x": 45,
      "y": 46
    },
    "47 45": {
      "name": "via",
      "x": 47,
      "y": 45
    },
    "41 45": {
      "name": "via",
      "x": 41,
      "y": 45
    },
    "41 42": {
      "name": "via",
      "x": 41,
      "y": 42
    },
    "51 42": {
      "name": "via",
      "x": 51,
      "y": 42
    },
    "51 45": {
      "name": "via",
      "x": 51,
      "y": 45
    },
    "45 43": {
      "name": "via",
      "x": 45,
      "y": 43
    },
    "10 43": {
      "name": "via",
      "x": 10,
      "y": 43
    },
    "10 45": {
      "name": "via",
      "x": 10,
      "y": 45
    },
    "6 45": {
      "name": "via",
      "x": 6,
      "y": 45
    },
    "6 46": {
      "name": "via",
      "x": 6,
      "y": 46
    },
    "43 44": {
      "name": "via",
      "x": 43,
      "y": 44
    },
    "43 47": {
      "name": "via",
      "x": 43,
      "y": 47
    },
    "76 47": {
      "name": "via",
      "x": 76,
      "y": 47
    },
    "76 44": {
      "name": "via",
      "x": 76,
      "y": 44
    },
    "61 46": {
      "name": "via",
      "x": 61,
      "y": 46
    },
    "55 47": {
      "name": "via",
      "x": 55,
      "y": 47
    },
    "40 46": {
      "name": "via",
      "x": 40,
      "y": 46
    },
    "44 46": {
      "name": "via",
      "x": 44,
      "y": 46
    },
    "44 44": {
      "name": "via",
      "x": 44,
      "y": 44
    },
    "50 44": {
      "name": "via",
      "x": 50,
      "y": 44
    },
    "50 43": {
      "name": "via",
      "x": 50,
      "y": 43
    },
    "76 46": {
      "name": "via",
      "x": 76,
      "y": 46
    },
    "40 40": {
      "name": "via",
      "x": 40,
      "y": 40
    }
  },
  "drawings": []
}