{
  "cells": [
    {
      "t": "mux2",
      "x": 29,
      "y": 12
    },
    {
      "t": "sdfrtp",
      "x": 37,
      "y": 12
    },
    {
      "t": "mux2",
      "x": 65,
      "y": 12
    },
    {
      "t": "sdfrtp",
      "x": 73,
      "y": 12
    }
  ],
  "horizontal": [
    {
      "x1": 64,
      "y1": 17,
      "x2": 31,
      "y2": 17
    },
    {
      "x1": 33,
      "y1": 13,
      "x2": 28,
      "y2": 13
    },
    {
      "x1": 39,
      "y1": 12,
      "x2": 29,
      "y2": 12
    },
    {
      "x1": 65,
      "y1": 12,
      "x2": 75,
      "y2": 12
    },
    {
      "x1": 67,
      "y1": 17,
      "x2": 100,
      "y2": 17
    },
    {
      "x1": 64,
      "y1": 15,
      "x2": 66,
      "y2": 15
    },
    {
      "x1": 66,
      "y1": 14,
      "x2": 70,
      "y2": 14
    },
    {
      "x1": 28,
      "y1": 16,
      "x2": 58,
      "y2": 16
    },
    {
      "x1": 58,
      "y1": 13,
      "x2": 69,
      "y2": 13
    },
    {
      "x1": 70,
      "y1": 16,
      "x2": 96,
      "y2": 16
    },
    {
      "x1": 96,
      "y1": 13,
      "x2": 101,
      "y2": 13
    },
    {
      "x1": 100,
      "y1": 16,
      "x2": 101,
      "y2": 16
    }
  ],
  "vertical": [
    {
      "x1": 64,
      "y1": 15,
      "x2": 64,
      "y2": 17
    },
    {
      "x1": 31,
      "y1": 17,
      "x2": 31,
      "y2": 15
    },
    {
      "x1": 39,
      "y1": 14,
      "x2": 39,
      "y2": 12
    },
    {
      "x1": 29,
      "y1": 12,
      "x2": 29,
      "y2": 14
    },
    {
      "x1": 43,
      "y1": 17,
      "x2": 43,
      "y2": 18
    },
    {
      "x1": 43,
      "y1": 14,
      "x2": 43,
      "y2": 11
    },
    {
      "x1": 65,
      "y1": 14,
      "x2": 65,
      "y2": 12
    },
    {
      "x1": 75,
      "y1": 12,
      "x2": 75,
      "y2": 14
    },
    {
      "x1": 67,
      "y1": 15,
      "x2": 67,
      "y2": 17
    },
    {
      "x1": 100,
      "y1": 17,
      "x2": 100,
      "y2": 15
    },
    {
      "x1": 66,
      "y1": 15,
      "x2": 66,
      "y2": 14
    },
    {
      "x1": 58,
      "y1": 16,
      "x2": 58,
      "y2": 13
    },
    {
      "x1": 70,
      "y1": 14,
      "x2": 70,
      "y2": 16
    },
    {
      "x1": 96,
      "y1": 16,
      "x2": 96,
      "y2": 13
    },
    {
      "x1": 35,
      "y1": 14,
      "x2": 35,
      "y2": 11
    },
    {
      "x1": 35,
      "y1": 14,
      "x2": 35,
      "y2": 18
    },
    {
      "x1": 40,
      "y1": 15,
      "x2": 40,
      "y2": 11
    },
    {
      "x1": 40,
      "y1": 15,
      "x2": 40,
      "y2": 18
    },
    {
      "x1": 49,
      "y1": 18,
      "x2": 49,
      "y2": 13
    },
    {
      "x1": 49,
      "y1": 13,
      "x2": 49,
      "y2": 11
    },
    {
      "x1": 61,
      "y1": 14,
      "x2": 61,
      "y2": 11
    },
    {
      "x1": 61,
      "y1": 14,
      "x2": 61,
      "y2": 18
    },
    {
      "x1": 71,
      "y1": 14,
      "x2": 71,
      "y2": 11
    },
    {
      "x1": 71,
      "y1": 14,
      "x2": 71,
      "y2": 18
    },
    {
      "x1": 76,
      "y1": 18,
      "x2": 76,
      "y2": 15
    },
    {
      "x1": 76,
      "y1": 15,
      "x2": 76,
      "y2": 11
    },
    {
      "x1": 85,
      "y1": 13,
      "x2": 85,
      "y2": 11
    },
    {
      "x1": 85,
      "y1": 13,
      "x2": 85,
      "y2": 18
    },
    {
      "x1": 97,
      "y1": 14,
      "x2": 97,
      "y2": 11
    },
    {
      "x1": 97,
      "y1": 14,
      "x2": 97,
      "y2": 18
    },
    {
      "x1": 79,
      "y1": 14,
      "x2": 79,
      "y2": 11
    },
    {
      "x1": 79,
      "y1": 17,
      "x2": 79,
      "y2": 18
    }
  ],
  "static": {},
  "vias": {
    "64 15": {
      "name": "via",
      "x": 64,
      "y": 15
    },
    "64 17": {
      "name": "via",
      "x": 64,
      "y": 17
    },
    "31 17": {
      "name": "via",
      "x": 31,
      "y": 17
    },
    "31 15": {
      "name": "via",
      "x": 31,
      "y": 15
    },
    "33 13": {
      "name": "via",
      "x": 33,
      "y": 13
    },
    "39 14": {
      "name": "via",
      "x": 39,
      "y": 14
    },
    "39 12": {
      "name": "via",
      "x": 39,
      "y": 12
    },
    "29 12": {
      "name": "via",
      "x": 29,
      "y": 12
    },
    "29 14": {
      "name": "via",
      "x": 29,
      "y": 14
    },
    "43 17": {
      "name": "via",
      "x": 43,
      "y": 17
    },
    "43 14": {
      "name": "via",
      "x": 43,
      "y": 14
    },
    "65 14": {
      "name": "via",
      "x": 65,
      "y": 14
    },
    "65 12": {
      "name": "via",
      "x": 65,
      "y": 12
    },
    "75 12": {
      "name": "via",
      "x": 75,
      "y": 12
    },
    "75 14": {
      "name": "via",
      "x": 75,
      "y": 14
    },
    "67 15": {
      "name": "via",
      "x": 67,
      "y": 15
    },
    "67 17": {
      "name": "via",
      "x": 67,
      "y": 17
    },
    "100 17": {
      "name": "via",
      "x": 100,
      "y": 17
    },
    "100 15": {
      "name": "via",
      "x": 100,
      "y": 15
    },
    "69 13": {
      "name": "via",
      "x": 69,
      "y": 13
    },
    "66 15": {
      "name": "via",
      "x": 66,
      "y": 15
    },
    "66 14": {
      "name": "via",
      "x": 66,
      "y": 14
    },
    "70 14": {
      "name": "via",
      "x": 70,
      "y": 14
    },
    "58 16": {
      "name": "via",
      "x": 58,
      "y": 16
    },
    "58 13": {
      "name": "via",
      "x": 58,
      "y": 13
    },
    "70 16": {
      "name": "via",
      "x": 70,
      "y": 16
    },
    "96 16": {
      "name": "via",
      "x": 96,
      "y": 16
    },
    "96 13": {
      "name": "via",
      "x": 96,
      "y": 13
    },
    "100 16": {
      "name": "via",
      "x": 100,
      "y": 16
    },
    "35 14": {
      "name": "via",
      "x": 35,
      "y": 14
    },
    "40 15": {
      "name": "via",
      "x": 40,
      "y": 15
    },
    "49 13": {
      "name": "via",
      "x": 49,
      "y": 13
    },
    "61 14": {
      "name": "via",
      "x": 61,
      "y": 14
    },
    "71 14": {
      "name": "via",
      "x": 71,
      "y": 14
    },
    "76 15": {
      "name": "via",
      "x": 76,
      "y": 15
    },
    "85 13": {
      "name": "via",
      "x": 85,
      "y": 13
    },
    "85 18": {
      "name": "via",
      "x": 85,
      "y": 18
    },
    "97 14": {
      "name": "via",
      "x": 97,
      "y": 14
    },
    "97 18": {
      "name": "via",
      "x": 97,
      "y": 18
    },
    "79 14": {
      "name": "via",
      "x": 79,
      "y": 14
    },
    "79 17": {
      "name": "via",
      "x": 79,
      "y": 17
    },
    "12 -12": {
      "name": "via",
      "x": 12,
      "y": -12
    }
  },
  "drawings": []
}