{
  "cells": [],
  "horizontal": [
    {
      "x1": 0,
      "y1": 1,
      "x2": 46,
      "y2": 1
    },
    {
      "x1": 46,
      "y1": 2,
      "x2": 0,
      "y2": 2
    },
    {
      "x1": 0,
      "y1": 3,
      "x2": 46,
      "y2": 3
    },
    {
      "x1": 46,
      "y1": 4,
      "x2": 0,
      "y2": 4
    },
    {
      "x1": 0,
      "y1": 5,
      "x2": 46,
      "y2": 5
    },
    {
      "x1": 46,
      "y1": 6,
      "x2": 0,
      "y2": 6
    },
    {
      "x1": 0,
      "y1": 7,
      "x2": 46,
      "y2": 7
    },
    {
      "x1": 46,
      "y1": 8,
      "x2": 0,
      "y2": 8
    },
    {
      "x1": 0,
      "y1": 9,
      "x2": 46,
      "y2": 9
    },
    {
      "x1": 0,
      "y1": 10,
      "x2": 0,
      "y2": 10
    },
    {
      "x1": 0,
      "y1": 10,
      "x2": 46,
      "y2": 10
    },
    {
      "x1": 46,
      "y1": 11,
      "x2": 0,
      "y2": 11
    },
    {
      "x1": 0,
      "y1": 12,
      "x2": 46,
      "y2": 12
    },
    {
      "x1": 0,
      "y1": 13,
      "x2": 46,
      "y2": 13
    },
    {
      "x1": 46,
      "y1": 14,
      "x2": 0,
      "y2": 14
    },
    {
      "x1": 0,
      "y1": 15,
      "x2": 46,
      "y2": 15
    },
    {
      "x1": 46,
      "y1": 16,
      "x2": 0,
      "y2": 16
    },
    {
      "x1": 0,
      "y1": 17,
      "x2": 46,
      "y2": 17
    },
    {
      "x1": 46,
      "y1": 18,
      "x2": 0,
      "y2": 18
    },
    {
      "x1": 0,
      "y1": 19,
      "x2": 46,
      "y2": 19
    },
    {
      "x1": 46,
      "y1": 20,
      "x2": 0,
      "y2": 20
    },
    {
      "x1": 0,
      "y1": 21,
      "x2": 46,
      "y2": 21
    },
    {
      "x1": 0,
      "y1": 22,
      "x2": 0,
      "y2": 22
    },
    {
      "x1": 0,
      "y1": 22,
      "x2": 46,
      "y2": 22
    },
    {
      "x1": 46,
      "y1": 23,
      "x2": 0,
      "y2": 23
    },
    {
      "x1": 0,
      "y1": 24,
      "x2": 46,
      "y2": 24
    },
    {
      "x1": 0,
      "y1": 25,
      "x2": 46,
      "y2": 25
    },
    {
      "x1": 46,
      "y1": 26,
      "x2": 0,
      "y2": 26
    },
    {
      "x1": 0,
      "y1": 27,
      "x2": 46,
      "y2": 27
    },
    {
      "x1": 46,
      "y1": 28,
      "x2": 0,
      "y2": 28
    },
    {
      "x1": 0,
      "y1": 29,
      "x2": 46,
      "y2": 29
    },
    {
      "x1": 46,
      "y1": 30,
      "x2": 0,
      "y2": 30
    },
    {
      "x1": 0,
      "y1": 31,
      "x2": 46,
      "y2": 31
    },
    {
      "x1": 0,
      "y1": 34,
      "x2": 0,
      "y2": 34
    },
    {
      "x1": 0,
      "y1": 0,
      "x2": 46,
      "y2": 0
    }
  ],
  "vertical": [],
  "static": {},
  "vias": {},
  "drawings": []
}