{
  "cells": [
    {
      "t": "mux2",
      "x": 5,
      "y": 0
    },
    {
      "t": "sdfrtp",
      "x": 13,
      "y": 0
    },
    {
      "t": "mux2",
      "x": 41,
      "y": 0
    },
    {
      "t": "sdfrtp",
      "x": 49,
      "y": 0
    },
    {
      "t": "mux2",
      "x": 5,
      "y": 6
    },
    {
      "t": "sdfrtp",
      "x": 13,
      "y": 6
    },
    {
      "t": "mux2",
      "x": 41,
      "y": 6
    },
    {
      "t": "sdfrtp",
      "x": 49,
      "y": 6
    }
  ],
  "horizontal": [
    {
      "x1": 40,
      "y1": 5,
      "x2": 7,
      "y2": 5
    },
    {
      "x1": 9,
      "y1": 1,
      "x2": 4,
      "y2": 1
    },
    {
      "x1": 15,
      "y1": 0,
      "x2": 5,
      "y2": 0
    },
    {
      "x1": 41,
      "y1": 0,
      "x2": 51,
      "y2": 0
    },
    {
      "x1": 43,
      "y1": 5,
      "x2": 76,
      "y2": 5
    },
    {
      "x1": 4,
      "y1": 4,
      "x2": 34,
      "y2": 4
    },
    {
      "x1": 34,
      "y1": 1,
      "x2": 45,
      "y2": 1
    },
    {
      "x1": 46,
      "y1": 4,
      "x2": 72,
      "y2": 4
    },
    {
      "x1": 72,
      "y1": 1,
      "x2": 77,
      "y2": 1
    },
    {
      "x1": 76,
      "y1": 4,
      "x2": 77,
      "y2": 4
    },
    {
      "x1": 5,
      "y1": 6,
      "x2": 15,
      "y2": 6
    },
    {
      "x1": 9,
      "y1": 7,
      "x2": 4,
      "y2": 7
    },
    {
      "x1": 7,
      "y1": 11,
      "x2": 40,
      "y2": 11
    },
    {
      "x1": 41,
      "y1": 6,
      "x2": 51,
      "y2": 6
    },
    {
      "x1": 45,
      "y1": 7,
      "x2": 34,
      "y2": 7
    },
    {
      "x1": 34,
      "y1": 7,
      "x2": 22,
      "y2": 7
    },
    {
      "x1": 22,
      "y1": 7,
      "x2": 10,
      "y2": 7
    },
    {
      "x1": 10,
      "y1": 9,
      "x2": 6,
      "y2": 9
    },
    {
      "x1": 6,
      "y1": 10,
      "x2": 4,
      "y2": 10
    },
    {
      "x1": 43,
      "y1": 11,
      "x2": 76,
      "y2": 11
    },
    {
      "x1": 40,
      "y1": 10,
      "x2": 44,
      "y2": 10
    },
    {
      "x1": 44,
      "y1": 8,
      "x2": 50,
      "y2": 8
    },
    {
      "x1": 50,
      "y1": 7,
      "x2": 77,
      "y2": 7
    },
    {
      "x1": 76,
      "y1": 10,
      "x2": 77,
      "y2": 10
    },
    {
      "x1": 46,
      "y1": 4,
      "x2": 40,
      "y2": 4
    }
  ],
  "vertical": [
    {
      "x1": 40,
      "y1": 3,
      "x2": 40,
      "y2": 5
    },
    {
      "x1": 7,
      "y1": 5,
      "x2": 7,
      "y2": 3
    },
    {
      "x1": 15,
      "y1": 2,
      "x2": 15,
      "y2": 0
    },
    {
      "x1": 5,
      "y1": 0,
      "x2": 5,
      "y2": 2
    },
    {
      "x1": 19,
      "y1": 2,
      "x2": 19,
      "y2": -1
    },
    {
      "x1": 41,
      "y1": 2,
      "x2": 41,
      "y2": 0
    },
    {
      "x1": 51,
      "y1": 0,
      "x2": 51,
      "y2": 2
    },
    {
      "x1": 43,
      "y1": 3,
      "x2": 43,
      "y2": 5
    },
    {
      "x1": 76,
      "y1": 5,
      "x2": 76,
      "y2": 3
    },
    {
      "x1": 34,
      "y1": 4,
      "x2": 34,
      "y2": 1
    },
    {
      "x1": 72,
      "y1": 4,
      "x2": 72,
      "y2": 1
    },
    {
      "x1": 16,
      "y1": 3,
      "x2": 16,
      "y2": -1
    },
    {
      "x1": 16,
      "y1": 3,
      "x2": 16,
      "y2": 6
    },
    {
      "x1": 25,
      "y1": 6,
      "x2": 25,
      "y2": 1
    },
    {
      "x1": 25,
      "y1": 1,
      "x2": 25,
      "y2": -1
    },
    {
      "x1": 37,
      "y1": 2,
      "x2": 37,
      "y2": -1
    },
    {
      "x1": 37,
      "y1": 2,
      "x2": 37,
      "y2": 6
    },
    {
      "x1": 47,
      "y1": 2,
      "x2": 47,
      "y2": -1
    },
    {
      "x1": 52,
      "y1": 6,
      "x2": 52,
      "y2": 3
    },
    {
      "x1": 52,
      "y1": 3,
      "x2": 52,
      "y2": -1
    },
    {
      "x1": 61,
      "y1": 1,
      "x2": 61,
      "y2": -1
    },
    {
      "x1": 73,
      "y1": 2,
      "x2": 73,
      "y2": -1
    },
    {
      "x1": 73,
      "y1": 2,
      "x2": 73,
      "y2": 6
    },
    {
      "x1": 55,
      "y1": 2,
      "x2": 55,
      "y2": -1
    },
    {
      "x1": 55,
      "y1": 5,
      "x2": 55,
      "y2": 6
    },
    {
      "x1": 5,
      "y1": 9,
      "x2": 5,
      "y2": 6
    },
    {
      "x1": 15,
      "y1": 6,
      "x2": 15,
      "y2": 9
    },
    {
      "x1": 16,
      "y1": 8,
      "x2": 16,
      "y2": 6
    },
    {
      "x1": 16,
      "y1": 8,
      "x2": 16,
      "y2": 12
    },
    {
      "x1": 19,
      "y1": 5,
      "x2": 19,
      "y2": 9
    },
    {
      "x1": 25,
      "y1": 6,
      "x2": 25,
      "y2": 10
    },
    {
      "x1": 25,
      "y1": 10,
      "x2": 25,
      "y2": 12
    },
    {
      "x1": 37,
      "y1": 6,
      "x2": 37,
      "y2": 9
    },
    {
      "x1": 37,
      "y1": 9,
      "x2": 37,
      "y2": 12
    },
    {
      "x1": 11,
      "y1": -1,
      "x2": 11,
      "y2": 2
    },
    {
      "x1": 11,
      "y1": 2,
      "x2": 11,
      "y2": 9
    },
    {
      "x1": 11,
      "y1": 9,
      "x2": 11,
      "y2": 12
    },
    {
      "x1": 9,
      "y1": 10,
      "x2": 9,
      "y2": 7
    },
    {
      "x1": 61,
      "y1": 10,
      "x2": 61,
      "y2": 12
    },
    {
      "x1": 55,
      "y1": 6,
      "x2": 55,
      "y2": 9
    },
    {
      "x1": 52,
      "y1": 6,
      "x2": 52,
      "y2": 8
    },
    {
      "x1": 52,
      "y1": 8,
      "x2": 52,
      "y2": 12
    },
    {
      "x1": 73,
      "y1": 6,
      "x2": 73,
      "y2": 9
    },
    {
      "x1": 73,
      "y1": 9,
      "x2": 73,
      "y2": 12
    },
    {
      "x1": 7,
      "y1": 8,
      "x2": 7,
      "y2": 11
    },
    {
      "x1": 40,
      "y1": 11,
      "x2": 40,
      "y2": 8
    },
    {
      "x1": 19,
      "y1": 11,
      "x2": 19,
      "y2": 12
    },
    {
      "x1": 47,
      "y1": 2,
      "x2": 47,
      "y2": 9
    },
    {
      "x1": 47,
      "y1": 9,
      "x2": 47,
      "y2": 12
    },
    {
      "x1": 41,
      "y1": 9,
      "x2": 41,
      "y2": 6
    },
    {
      "x1": 51,
      "y1": 6,
      "x2": 51,
      "y2": 9
    },
    {
      "x1": 10,
      "y1": 7,
      "x2": 10,
      "y2": 9
    },
    {
      "x1": 6,
      "y1": 9,
      "x2": 6,
      "y2": 10
    },
    {
      "x1": 43,
      "y1": 8,
      "x2": 43,
      "y2": 11
    },
    {
      "x1": 76,
      "y1": 11,
      "x2": 76,
      "y2": 8
    },
    {
      "x1": 61,
      "y1": 1,
      "x2": 61,
      "y2": 10
    },
    {
      "x1": 55,
      "y1": 11,
      "x2": 55,
      "y2": 12
    },
    {
      "x1": 45,
      "y1": 7,
      "x2": 45,
      "y2": 10
    },
    {
      "x1": 44,
      "y1": 10,
      "x2": 44,
      "y2": 8
    },
    {
      "x1": 50,
      "y1": 8,
      "x2": 50,
      "y2": 7
    }
  ],
  "static": {},
  "vias": {
    "40 3": {
      "name": "via",
      "x": 40,
      "y": 3
    },
    "40 5": {
      "name": "via",
      "x": 40,
      "y": 5
    },
    "7 5": {
      "name": "via",
      "x": 7,
      "y": 5
    },
    "7 3": {
      "name": "via",
      "x": 7,
      "y": 3
    },
    "9 1": {
      "name": "via",
      "x": 9,
      "y": 1
    },
    "15 2": {
      "name": "via",
      "x": 15,
      "y": 2
    },
    "15 0": {
      "name": "via",
      "x": 15,
      "y": 0
    },
    "5 0": {
      "name": "via",
      "x": 5,
      "y": 0
    },
    "5 2": {
      "name": "via",
      "x": 5,
      "y": 2
    },
    "19 5": {
      "name": "via",
      "x": 19,
      "y": 5
    },
    "19 2": {
      "name": "via",
      "x": 19,
      "y": 2
    },
    "41 2": {
      "name": "via",
      "x": 41,
      "y": 2
    },
    "41 0": {
      "name": "via",
      "x": 41,
      "y": 0
    },
    "51 0": {
      "name": "via",
      "x": 51,
      "y": 0
    },
    "51 2": {
      "name": "via",
      "x": 51,
      "y": 2
    },
    "43 3": {
      "name": "via",
      "x": 43,
      "y": 3
    },
    "43 5": {
      "name": "via",
      "x": 43,
      "y": 5
    },
    "76 5": {
      "name": "via",
      "x": 76,
      "y": 5
    },
    "76 3": {
      "name": "via",
      "x": 76,
      "y": 3
    },
    "45 1": {
      "name": "via",
      "x": 45,
      "y": 1
    },
    "34 4": {
      "name": "via",
      "x": 34,
      "y": 4
    },
    "34 1": {
      "name": "via",
      "x": 34,
      "y": 1
    },
    "72 4": {
      "name": "via",
      "x": 72,
      "y": 4
    },
    "72 1": {
      "name": "via",
      "x": 72,
      "y": 1
    },
    "76 4": {
      "name": "via",
      "x": 76,
      "y": 4
    },
    "16 3": {
      "name": "via",
      "x": 16,
      "y": 3
    },
    "25 1": {
      "name": "via",
      "x": 25,
      "y": 1
    },
    "37 2": {
      "name": "via",
      "x": 37,
      "y": 2
    },
    "47 2": {
      "name": "via",
      "x": 47,
      "y": 2
    },
    "52 3": {
      "name": "via",
      "x": 52,
      "y": 3
    },
    "61 1": {
      "name": "via",
      "x": 61,
      "y": 1
    },
    "73 2": {
      "name": "via",
      "x": 73,
      "y": 2
    },
    "55 2": {
      "name": "via",
      "x": 55,
      "y": 2
    },
    "55 5": {
      "name": "via",
      "x": 55,
      "y": 5
    },
    "-12 -24": {
      "name": "via",
      "x": -12,
      "y": -24
    },
    "5 9": {
      "name": "via",
      "x": 5,
      "y": 9
    },
    "5 6": {
      "name": "via",
      "x": 5,
      "y": 6
    },
    "15 6": {
      "name": "via",
      "x": 15,
      "y": 6
    },
    "15 9": {
      "name": "via",
      "x": 15,
      "y": 9
    },
    "16 8": {
      "name": "via",
      "x": 16,
      "y": 8
    },
    "19 9": {
      "name": "via",
      "x": 19,
      "y": 9
    },
    "25 10": {
      "name": "via",
      "x": 25,
      "y": 10
    },
    "37 9": {
      "name": "via",
      "x": 37,
      "y": 9
    },
    "11 2": {
      "name": "via",
      "x": 11,
      "y": 2
    },
    "11 9": {
      "name": "via",
      "x": 11,
      "y": 9
    },
    "9 10": {
      "name": "via",
      "x": 9,
      "y": 10
    },
    "9 7": {
      "name": "via",
      "x": 9,
      "y": 7
    },
    "55 9": {
      "name": "via",
      "x": 55,
      "y": 9
    },
    "52 6": {
      "name": "via",
      "x": 52,
      "y": 6
    },
    "52 8": {
      "name": "via",
      "x": 52,
      "y": 8
    },
    "73 9": {
      "name": "via",
      "x": 73,
      "y": 9
    },
    "7 8": {
      "name": "via",
      "x": 7,
      "y": 8
    },
    "7 11": {
      "name": "via",
      "x": 7,
      "y": 11
    },
    "40 11": {
      "name": "via",
      "x": 40,
      "y": 11
    },
    "40 8": {
      "name": "via",
      "x": 40,
      "y": 8
    },
    "19 11": {
      "name": "via",
      "x": 19,
      "y": 11
    },
    "45 10": {
      "name": "via",
      "x": 45,
      "y": 10
    },
    "47 9": {
      "name": "via",
      "x": 47,
      "y": 9
    },
    "41 9": {
      "name": "via",
      "x": 41,
      "y": 9
    },
    "41 6": {
      "name": "via",
      "x": 41,
      "y": 6
    },
    "51 6": {
      "name": "via",
      "x": 51,
      "y": 6
    },
    "51 9": {
      "name": "via",
      "x": 51,
      "y": 9
    },
    "45 7": {
      "name": "via",
      "x": 45,
      "y": 7
    },
    "10 7": {
      "name": "via",
      "x": 10,
      "y": 7
    },
    "10 9": {
      "name": "via",
      "x": 10,
      "y": 9
    },
    "6 9": {
      "name": "via",
      "x": 6,
      "y": 9
    },
    "6 10": {
      "name": "via",
      "x": 6,
      "y": 10
    },
    "43 8": {
      "name": "via",
      "x": 43,
      "y": 8
    },
    "43 11": {
      "name": "via",
      "x": 43,
      "y": 11
    },
    "76 11": {
      "name": "via",
      "x": 76,
      "y": 11
    },
    "76 8": {
      "name": "via",
      "x": 76,
      "y": 8
    },
    "61 10": {
      "name": "via",
      "x": 61,
      "y": 10
    },
    "55 11": {
      "name": "via",
      "x": 55,
      "y": 11
    },
    "40 10": {
      "name": "via",
      "x": 40,
      "y": 10
    },
    "44 10": {
      "name": "via",
      "x": 44,
      "y": 10
    },
    "44 8": {
      "name": "via",
      "x": 44,
      "y": 8
    },
    "50 8": {
      "name": "via",
      "x": 50,
      "y": 8
    },
    "50 7": {
      "name": "via",
      "x": 50,
      "y": 7
    },
    "76 10": {
      "name": "via",
      "x": 76,
      "y": 10
    },
    "40 4": {
      "name": "via",
      "x": 40,
      "y": 4
    }
  },
  "drawings": []
}