{
  "cells": [],
  "horizontal": [],
  "vertical": [
    {
      "x1": 1,
      "y1": 191,
      "x2": 1,
      "y2": 0
    },
    {
      "x1": 2,
      "y1": 0,
      "x2": 2,
      "y2": 191
    },
    {
      "x1": 3,
      "y1": 191,
      "x2": 3,
      "y2": 0
    },
    {
      "x1": 4,
      "y1": 0,
      "x2": 4,
      "y2": 191
    },
    {
      "x1": 5,
      "y1": 191,
      "x2": 5,
      "y2": 0
    },
    {
      "x1": 6,
      "y1": 0,
      "x2": 6,
      "y2": 191
    },
    {
      "x1": 7,
      "y1": 191,
      "x2": 7,
      "y2": 0
    },
    {
      "x1": 8,
      "y1": 0,
      "x2": 8,
      "y2": 191
    },
    {
      "x1": 9,
      "y1": 191,
      "x2": 9,
      "y2": 0
    },
    {
      "x1": 10,
      "y1": 0,
      "x2": 10,
      "y2": 191
    },
    {
      "x1": 11,
      "y1": 191,
      "x2": 11,
      "y2": 0
    },
    {
      "x1": 12,
      "y1": 0,
      "x2": 12,
      "y2": 191
    },
    {
      "x1": 13,
      "y1": 191,
      "x2": 13,
      "y2": 0
    },
    {
      "x1": 14,
      "y1": 0,
      "x2": 14,
      "y2": 191
    },
    {
      "x1": 15,
      "y1": 191,
      "x2": 15,
      "y2": 0
    },
    {
      "x1": 16,
      "y1": 0,
      "x2": 16,
      "y2": 191
    },
    {
      "x1": 17,
      "y1": 191,
      "x2": 17,
      "y2": 0
    },
    {
      "x1": 18,
      "y1": 0,
      "x2": 18,
      "y2": 191
    },
    {
      "x1": 19,
      "y1": 191,
      "x2": 19,
      "y2": 0
    },
    {
      "x1": 20,
      "y1": 0,
      "x2": 20,
      "y2": 191
    },
    {
      "x1": 21,
      "y1": 191,
      "x2": 21,
      "y2": 0
    },
    {
      "x1": 22,
      "y1": 0,
      "x2": 22,
      "y2": 191
    },
    {
      "x1": 23,
      "y1": 191,
      "x2": 23,
      "y2": 0
    },
    {
      "x1": 24,
      "y1": 0,
      "x2": 24,
      "y2": 191
    },
    {
      "x1": 25,
      "y1": 191,
      "x2": 25,
      "y2": 0
    },
    {
      "x1": 26,
      "y1": 0,
      "x2": 26,
      "y2": 191
    },
    {
      "x1": 27,
      "y1": 191,
      "x2": 27,
      "y2": 0
    },
    {
      "x1": 28,
      "y1": 0,
      "x2": 28,
      "y2": 191
    },
    {
      "x1": 29,
      "y1": 191,
      "x2": 29,
      "y2": 0
    },
    {
      "x1": 30,
      "y1": 0,
      "x2": 30,
      "y2": 191
    },
    {
      "x1": 31,
      "y1": 191,
      "x2": 31,
      "y2": 0
    },
    {
      "x1": 0,
      "y1": 0,
      "x2": 0,
      "y2": 191
    }
  ],
  "static": {},
  "vias": {
    "0 0": {
      "name": "via",
      "x": 0,
      "y": 0
    },
    "1 191": {
      "name": "via",
      "x": 1,
      "y": 191
    },
    "1 0": {
      "name": "via",
      "x": 1,
      "y": 0
    },
    "2 0": {
      "name": "via",
      "x": 2,
      "y": 0
    },
    "2 191": {
      "name": "via",
      "x": 2,
      "y": 191
    },
    "3 191": {
      "name": "via",
      "x": 3,
      "y": 191
    },
    "3 0": {
      "name": "via",
      "x": 3,
      "y": 0
    },
    "4 0": {
      "name": "via",
      "x": 4,
      "y": 0
    },
    "4 191": {
      "name": "via",
      "x": 4,
      "y": 191
    },
    "5 191": {
      "name": "via",
      "x": 5,
      "y": 191
    },
    "5 0": {
      "name": "via",
      "x": 5,
      "y": 0
    },
    "6 0": {
      "name": "via",
      "x": 6,
      "y": 0
    },
    "6 191": {
      "name": "via",
      "x": 6,
      "y": 191
    },
    "7 191": {
      "name": "via",
      "x": 7,
      "y": 191
    },
    "7 0": {
      "name": "via",
      "x": 7,
      "y": 0
    },
    "8 0": {
      "name": "via",
      "x": 8,
      "y": 0
    },
    "8 191": {
      "name": "via",
      "x": 8,
      "y": 191
    },
    "9 191": {
      "name": "via",
      "x": 9,
      "y": 191
    },
    "9 0": {
      "name": "via",
      "x": 9,
      "y": 0
    },
    "10 0": {
      "name": "via",
      "x": 10,
      "y": 0
    },
    "10 191": {
      "name": "via",
      "x": 10,
      "y": 191
    },
    "11 191": {
      "name": "via",
      "x": 11,
      "y": 191
    },
    "11 0": {
      "name": "via",
      "x": 11,
      "y": 0
    },
    "12 0": {
      "name": "via",
      "x": 12,
      "y": 0
    },
    "12 191": {
      "name": "via",
      "x": 12,
      "y": 191
    },
    "13 191": {
      "name": "via",
      "x": 13,
      "y": 191
    },
    "13 0": {
      "name": "via",
      "x": 13,
      "y": 0
    },
    "14 0": {
      "name": "via",
      "x": 14,
      "y": 0
    },
    "14 191": {
      "name": "via",
      "x": 14,
      "y": 191
    },
    "15 191": {
      "name": "via",
      "x": 15,
      "y": 191
    },
    "15 0": {
      "name": "via",
      "x": 15,
      "y": 0
    },
    "16 0": {
      "name": "via",
      "x": 16,
      "y": 0
    },
    "16 191": {
      "name": "via",
      "x": 16,
      "y": 191
    },
    "17 191": {
      "name": "via",
      "x": 17,
      "y": 191
    },
    "17 0": {
      "name": "via",
      "x": 17,
      "y": 0
    },
    "18 0": {
      "name": "via",
      "x": 18,
      "y": 0
    },
    "18 191": {
      "name": "via",
      "x": 18,
      "y": 191
    },
    "19 191": {
      "name": "via",
      "x": 19,
      "y": 191
    },
    "19 0": {
      "name": "via",
      "x": 19,
      "y": 0
    },
    "20 0": {
      "name": "via",
      "x": 20,
      "y": 0
    },
    "20 191": {
      "name": "via",
      "x": 20,
      "y": 191
    },
    "21 191": {
      "name": "via",
      "x": 21,
      "y": 191
    },
    "21 0": {
      "name": "via",
      "x": 21,
      "y": 0
    },
    "22 0": {
      "name": "via",
      "x": 22,
      "y": 0
    },
    "22 191": {
      "name": "via",
      "x": 22,
      "y": 191
    },
    "23 191": {
      "name": "via",
      "x": 23,
      "y": 191
    },
    "23 0": {
      "name": "via",
      "x": 23,
      "y": 0
    },
    "24 0": {
      "name": "via",
      "x": 24,
      "y": 0
    },
    "24 191": {
      "name": "via",
      "x": 24,
      "y": 191
    },
    "25 191": {
      "name": "via",
      "x": 25,
      "y": 191
    },
    "25 0": {
      "name": "via",
      "x": 25,
      "y": 0
    },
    "26 0": {
      "name": "via",
      "x": 26,
      "y": 0
    },
    "26 191": {
      "name": "via",
      "x": 26,
      "y": 191
    },
    "27 191": {
      "name": "via",
      "x": 27,
      "y": 191
    },
    "27 0": {
      "name": "via",
      "x": 27,
      "y": 0
    },
    "28 0": {
      "name": "via",
      "x": 28,
      "y": 0
    },
    "28 191": {
      "name": "via",
      "x": 28,
      "y": 191
    },
    "29 191": {
      "name": "via",
      "x": 29,
      "y": 191
    },
    "29 0": {
      "name": "via",
      "x": 29,
      "y": 0
    },
    "30 0": {
      "name": "via",
      "x": 30,
      "y": 0
    },
    "30 191": {
      "name": "via",
      "x": 30,
      "y": 191
    },
    "31 191": {
      "name": "via",
      "x": 31,
      "y": 191
    },
    "31 0": {
      "name": "via",
      "x": 31,
      "y": 0
    },
    "0 191": {
      "name": "via",
      "x": 0,
      "y": 191
    }
  },
  "drawings": []
}