{
  "cells": [
    {
      "t": "mux2",
      "x": 0,
      "y": 0
    },
    {
      "t": "inv",
      "x": 8,
      "y": 0
    },
    {
      "t": "or2",
      "x": 10,
      "y": 0
    },
    {
      "t": "inv",
      "x": 15,
      "y": 0
    }
  ],
  "horizontal": [
    {
      "x1": 4,
      "y1": 1,
      "x2": -1,
      "y2": 1
    },
    {
      "x1": 0,
      "y1": 2,
      "x2": 5,
      "y2": 2
    },
    {
      "x1": 5,
      "y1": 1,
      "x2": 8,
      "y2": 1
    },
    {
      "x1": 9,
      "y1": 3,
      "x2": 10,
      "y2": 3
    },
    {
      "x1": 14,
      "y1": 2,
      "x2": 15,
      "y2": 2
    },
    {
      "x1": 16,
      "y1": 3,
      "x2": 17,
      "y2": 3
    },
    {
      "x1": 2,
      "y1": 4,
      "x2": -1,
      "y2": 4
    }
  ],
  "vertical": [
    {
      "x1": 5,
      "y1": 2,
      "x2": 5,
      "y2": 1
    },
    {
      "x1": 8,
      "y1": 1,
      "x2": 8,
      "y2": 2
    },
    {
      "x1": 2,
      "y1": 3,
      "x2": 2,
      "y2": 4
    },
    {
      "x1": 6,
      "y1": -1,
      "x2": 6,
      "y2": 2
    },
    {
      "x1": 6,
      "y1": 2,
      "x2": 6,
      "y2": 6
    },
    {
      "x1": 12,
      "y1": -1,
      "x2": 12,
      "y2": 3
    },
    {
      "x1": 12,
      "y1": 3,
      "x2": 12,
      "y2": 6
    }
  ],
  "static": {},
  "vias": {
    "4 1": {
      "name": "via",
      "x": 4,
      "y": 1
    },
    "2 3": {
      "name": "via",
      "x": 2,
      "y": 3
    },
    "0 2": {
      "name": "via",
      "x": 0,
      "y": 2
    },
    "5 2": {
      "name": "via",
      "x": 5,
      "y": 2
    },
    "5 1": {
      "name": "via",
      "x": 5,
      "y": 1
    },
    "8 1": {
      "name": "via",
      "x": 8,
      "y": 1
    },
    "8 2": {
      "name": "via",
      "x": 8,
      "y": 2
    },
    "9 3": {
      "name": "via",
      "x": 9,
      "y": 3
    },
    "10 3": {
      "name": "via",
      "x": 10,
      "y": 3
    },
    "14 2": {
      "name": "via",
      "x": 14,
      "y": 2
    },
    "15 2": {
      "name": "via",
      "x": 15,
      "y": 2
    },
    "16 3": {
      "name": "via",
      "x": 16,
      "y": 3
    },
    "2 4": {
      "name": "via",
      "x": 2,
      "y": 4
    },
    "12 3": {
      "name": "via",
      "x": 12,
      "y": 3
    },
    "6 2": {
      "name": "via",
      "x": 6,
      "y": 2
    }
  },
  "drawings": []
}