{
  "cells": [
    {
      "t": "mux2",
      "x": 0,
      "y": 0
    },
    {
      "t": "inv",
      "x": 8,
      "y": 0
    },
    {
      "t": "or2",
      "x": 10,
      "y": 0
    },
    {
      "t": "inv",
      "x": 15,
      "y": 0
    },
    {
      "t": "mux2",
      "x": 0,
      "y": 6
    },
    {
      "t": "inv",
      "x": 8,
      "y": 6
    },
    {
      "t": "inv",
      "x": 15,
      "y": 6
    },
    {
      "t": "or2",
      "x": 10,
      "y": 6
    },
    {
      "t": "mux2",
      "x": 0,
      "y": 12
    },
    {
      "t": "inv",
      "x": 8,
      "y": 12
    },
    {
      "t": "or2",
      "x": 10,
      "y": 12
    },
    {
      "t": "inv",
      "x": 15,
      "y": 12
    },
    {
      "t": "mux2",
      "x": 0,
      "y": 18
    },
    {
      "t": "inv",
      "x": 8,
      "y": 18
    },
    {
      "t": "inv",
      "x": 15,
      "y": 18
    },
    {
      "t": "or2",
      "x": 10,
      "y": 18
    },
    {
      "t": "mux2",
      "x": 0,
      "y": 24
    },
    {
      "t": "inv",
      "x": 8,
      "y": 24
    },
    {
      "t": "or2",
      "x": 10,
      "y": 24
    },
    {
      "t": "inv",
      "x": 15,
      "y": 24
    },
    {
      "t": "mux2",
      "x": 0,
      "y": 30
    },
    {
      "t": "inv",
      "x": 8,
      "y": 30
    },
    {
      "t": "inv",
      "x": 15,
      "y": 30
    },
    {
      "t": "or2",
      "x": 10,
      "y": 30
    },
    {
      "t": "mux2",
      "x": 0,
      "y": 36
    },
    {
      "t": "inv",
      "x": 8,
      "y": 36
    },
    {
      "t": "or2",
      "x": 10,
      "y": 36
    },
    {
      "t": "inv",
      "x": 15,
      "y": 36
    },
    {
      "t": "mux2",
      "x": 0,
      "y": 42
    },
    {
      "t": "inv",
      "x": 8,
      "y": 42
    },
    {
      "t": "inv",
      "x": 15,
      "y": 42
    },
    {
      "t": "or2",
      "x": 10,
      "y": 42
    }
  ],
  "horizontal": [
    {
      "x1": 4,
      "y1": 1,
      "x2": -1,
      "y2": 1
    },
    {
      "x1": 0,
      "y1": 2,
      "x2": 5,
      "y2": 2
    },
    {
      "x1": 5,
      "y1": 1,
      "x2": 8,
      "y2": 1
    },
    {
      "x1": 9,
      "y1": 3,
      "x2": 10,
      "y2": 3
    },
    {
      "x1": 14,
      "y1": 2,
      "x2": 15,
      "y2": 2
    },
    {
      "x1": 2,
      "y1": 4,
      "x2": -1,
      "y2": 4
    },
    {
      "x1": 2,
      "y1": 10,
      "x2": -1,
      "y2": 10
    },
    {
      "x1": 4,
      "y1": 7,
      "x2": -1,
      "y2": 7
    },
    {
      "x1": 16,
      "y1": 10,
      "x2": 17,
      "y2": 10
    },
    {
      "x1": 16,
      "y1": 4,
      "x2": 17,
      "y2": 4
    },
    {
      "x1": 14,
      "y1": 9,
      "x2": 15,
      "y2": 9
    },
    {
      "x1": 10,
      "y1": 8,
      "x2": 9,
      "y2": 8
    },
    {
      "x1": 8,
      "y1": 11,
      "x2": 0,
      "y2": 11
    },
    {
      "x1": 4,
      "y1": 13,
      "x2": -1,
      "y2": 13
    },
    {
      "x1": 0,
      "y1": 14,
      "x2": 5,
      "y2": 14
    },
    {
      "x1": 5,
      "y1": 13,
      "x2": 8,
      "y2": 13
    },
    {
      "x1": 9,
      "y1": 15,
      "x2": 10,
      "y2": 15
    },
    {
      "x1": 14,
      "y1": 14,
      "x2": 15,
      "y2": 14
    },
    {
      "x1": 2,
      "y1": 16,
      "x2": -1,
      "y2": 16
    },
    {
      "x1": 2,
      "y1": 22,
      "x2": -1,
      "y2": 22
    },
    {
      "x1": 4,
      "y1": 19,
      "x2": -1,
      "y2": 19
    },
    {
      "x1": 16,
      "y1": 22,
      "x2": 17,
      "y2": 22
    },
    {
      "x1": 16,
      "y1": 16,
      "x2": 17,
      "y2": 16
    },
    {
      "x1": 14,
      "y1": 21,
      "x2": 15,
      "y2": 21
    },
    {
      "x1": 10,
      "y1": 20,
      "x2": 9,
      "y2": 20
    },
    {
      "x1": 8,
      "y1": 23,
      "x2": 0,
      "y2": 23
    },
    {
      "x1": 4,
      "y1": 25,
      "x2": -1,
      "y2": 25
    },
    {
      "x1": 0,
      "y1": 26,
      "x2": 5,
      "y2": 26
    },
    {
      "x1": 5,
      "y1": 25,
      "x2": 8,
      "y2": 25
    },
    {
      "x1": 9,
      "y1": 27,
      "x2": 10,
      "y2": 27
    },
    {
      "x1": 14,
      "y1": 26,
      "x2": 15,
      "y2": 26
    },
    {
      "x1": 2,
      "y1": 28,
      "x2": -1,
      "y2": 28
    },
    {
      "x1": 2,
      "y1": 34,
      "x2": -1,
      "y2": 34
    },
    {
      "x1": 4,
      "y1": 31,
      "x2": -1,
      "y2": 31
    },
    {
      "x1": 16,
      "y1": 34,
      "x2": 17,
      "y2": 34
    },
    {
      "x1": 16,
      "y1": 28,
      "x2": 17,
      "y2": 28
    },
    {
      "x1": 14,
      "y1": 33,
      "x2": 15,
      "y2": 33
    },
    {
      "x1": 10,
      "y1": 32,
      "x2": 9,
      "y2": 32
    },
    {
      "x1": 8,
      "y1": 35,
      "x2": 0,
      "y2": 35
    },
    {
      "x1": 4,
      "y1": 37,
      "x2": -1,
      "y2": 37
    },
    {
      "x1": 0,
      "y1": 38,
      "x2": 5,
      "y2": 38
    },
    {
      "x1": 5,
      "y1": 37,
      "x2": 8,
      "y2": 37
    },
    {
      "x1": 9,
      "y1": 39,
      "x2": 10,
      "y2": 39
    },
    {
      "x1": 14,
      "y1": 38,
      "x2": 15,
      "y2": 38
    },
    {
      "x1": 2,
      "y1": 40,
      "x2": -1,
      "y2": 40
    },
    {
      "x1": 2,
      "y1": 46,
      "x2": -1,
      "y2": 46
    },
    {
      "x1": 4,
      "y1": 43,
      "x2": -1,
      "y2": 43
    },
    {
      "x1": 16,
      "y1": 46,
      "x2": 17,
      "y2": 46
    },
    {
      "x1": 16,
      "y1": 40,
      "x2": 17,
      "y2": 40
    },
    {
      "x1": 14,
      "y1": 45,
      "x2": 15,
      "y2": 45
    },
    {
      "x1": 10,
      "y1": 44,
      "x2": 9,
      "y2": 44
    },
    {
      "x1": 8,
      "y1": 47,
      "x2": 0,
      "y2": 47
    }
  ],
  "vertical": [
    {
      "x1": 5,
      "y1": 2,
      "x2": 5,
      "y2": 1
    },
    {
      "x1": 8,
      "y1": 1,
      "x2": 8,
      "y2": 2
    },
    {
      "x1": 2,
      "y1": 3,
      "x2": 2,
      "y2": 4
    },
    {
      "x1": 6,
      "y1": -1,
      "x2": 6,
      "y2": 2
    },
    {
      "x1": 12,
      "y1": -1,
      "x2": 12,
      "y2": 3
    },
    {
      "x1": 6,
      "y1": 2,
      "x2": 6,
      "y2": 9
    },
    {
      "x1": 6,
      "y1": 9,
      "x2": 6,
      "y2": 12
    },
    {
      "x1": 12,
      "y1": 3,
      "x2": 12,
      "y2": 8
    },
    {
      "x1": 12,
      "y1": 8,
      "x2": 12,
      "y2": 12
    },
    {
      "x1": 2,
      "y1": 8,
      "x2": 2,
      "y2": 10
    },
    {
      "x1": 16,
      "y1": 8,
      "x2": 16,
      "y2": 10
    },
    {
      "x1": 16,
      "y1": 3,
      "x2": 16,
      "y2": 4
    },
    {
      "x1": 8,
      "y1": 9,
      "x2": 8,
      "y2": 11
    },
    {
      "x1": 0,
      "y1": 11,
      "x2": 0,
      "y2": 9
    },
    {
      "x1": 4,
      "y1": 7,
      "x2": 4,
      "y2": 10
    },
    {
      "x1": 5,
      "y1": 14,
      "x2": 5,
      "y2": 13
    },
    {
      "x1": 8,
      "y1": 13,
      "x2": 8,
      "y2": 14
    },
    {
      "x1": 2,
      "y1": 15,
      "x2": 2,
      "y2": 16
    },
    {
      "x1": 6,
      "y1": 11,
      "x2": 6,
      "y2": 14
    },
    {
      "x1": 12,
      "y1": 11,
      "x2": 12,
      "y2": 15
    },
    {
      "x1": 6,
      "y1": 14,
      "x2": 6,
      "y2": 21
    },
    {
      "x1": 6,
      "y1": 21,
      "x2": 6,
      "y2": 24
    },
    {
      "x1": 12,
      "y1": 15,
      "x2": 12,
      "y2": 20
    },
    {
      "x1": 12,
      "y1": 20,
      "x2": 12,
      "y2": 24
    },
    {
      "x1": 2,
      "y1": 20,
      "x2": 2,
      "y2": 22
    },
    {
      "x1": 16,
      "y1": 20,
      "x2": 16,
      "y2": 22
    },
    {
      "x1": 16,
      "y1": 15,
      "x2": 16,
      "y2": 16
    },
    {
      "x1": 8,
      "y1": 21,
      "x2": 8,
      "y2": 23
    },
    {
      "x1": 0,
      "y1": 23,
      "x2": 0,
      "y2": 21
    },
    {
      "x1": 4,
      "y1": 19,
      "x2": 4,
      "y2": 22
    },
    {
      "x1": 5,
      "y1": 26,
      "x2": 5,
      "y2": 25
    },
    {
      "x1": 8,
      "y1": 25,
      "x2": 8,
      "y2": 26
    },
    {
      "x1": 2,
      "y1": 27,
      "x2": 2,
      "y2": 28
    },
    {
      "x1": 6,
      "y1": 23,
      "x2": 6,
      "y2": 26
    },
    {
      "x1": 12,
      "y1": 23,
      "x2": 12,
      "y2": 27
    },
    {
      "x1": 6,
      "y1": 26,
      "x2": 6,
      "y2": 33
    },
    {
      "x1": 6,
      "y1": 33,
      "x2": 6,
      "y2": 36
    },
    {
      "x1": 12,
      "y1": 27,
      "x2": 12,
      "y2": 32
    },
    {
      "x1": 12,
      "y1": 32,
      "x2": 12,
      "y2": 36
    },
    {
      "x1": 2,
      "y1": 32,
      "x2": 2,
      "y2": 34
    },
    {
      "x1": 16,
      "y1": 32,
      "x2": 16,
      "y2": 34
    },
    {
      "x1": 16,
      "y1": 27,
      "x2": 16,
      "y2": 28
    },
    {
      "x1": 8,
      "y1": 33,
      "x2": 8,
      "y2": 35
    },
    {
      "x1": 0,
      "y1": 35,
      "x2": 0,
      "y2": 33
    },
    {
      "x1": 4,
      "y1": 31,
      "x2": 4,
      "y2": 34
    },
    {
      "x1": 5,
      "y1": 38,
      "x2": 5,
      "y2": 37
    },
    {
      "x1": 8,
      "y1": 37,
      "x2": 8,
      "y2": 38
    },
    {
      "x1": 2,
      "y1": 39,
      "x2": 2,
      "y2": 40
    },
    {
      "x1": 6,
      "y1": 35,
      "x2": 6,
      "y2": 38
    },
    {
      "x1": 12,
      "y1": 35,
      "x2": 12,
      "y2": 39
    },
    {
      "x1": 6,
      "y1": 38,
      "x2": 6,
      "y2": 45
    },
    {
      "x1": 6,
      "y1": 45,
      "x2": 6,
      "y2": 48
    },
    {
      "x1": 12,
      "y1": 39,
      "x2": 12,
      "y2": 44
    },
    {
      "x1": 12,
      "y1": 44,
      "x2": 12,
      "y2": 48
    },
    {
      "x1": 2,
      "y1": 44,
      "x2": 2,
      "y2": 46
    },
    {
      "x1": 16,
      "y1": 44,
      "x2": 16,
      "y2": 46
    },
    {
      "x1": 16,
      "y1": 39,
      "x2": 16,
      "y2": 40
    },
    {
      "x1": 8,
      "y1": 45,
      "x2": 8,
      "y2": 47
    },
    {
      "x1": 0,
      "y1": 47,
      "x2": 0,
      "y2": 45
    },
    {
      "x1": 4,
      "y1": 43,
      "x2": 4,
      "y2": 46
    }
  ],
  "static": {},
  "vias": {
    "4 1": {
      "name": "via",
      "x": 4,
      "y": 1
    },
    "2 3": {
      "name": "via",
      "x": 2,
      "y": 3
    },
    "0 2": {
      "name": "via",
      "x": 0,
      "y": 2
    },
    "5 2": {
      "name": "via",
      "x": 5,
      "y": 2
    },
    "5 1": {
      "name": "via",
      "x": 5,
      "y": 1
    },
    "8 1": {
      "name": "via",
      "x": 8,
      "y": 1
    },
    "8 2": {
      "name": "via",
      "x": 8,
      "y": 2
    },
    "9 3": {
      "name": "via",
      "x": 9,
      "y": 3
    },
    "10 3": {
      "name": "via",
      "x": 10,
      "y": 3
    },
    "14 2": {
      "name": "via",
      "x": 14,
      "y": 2
    },
    "15 2": {
      "name": "via",
      "x": 15,
      "y": 2
    },
    "16 3": {
      "name": "via",
      "x": 16,
      "y": 3
    },
    "2 4": {
      "name": "via",
      "x": 2,
      "y": 4
    },
    "12 3": {
      "name": "via",
      "x": 12,
      "y": 3
    },
    "6 2": {
      "name": "via",
      "x": 6,
      "y": 2
    },
    "6 9": {
      "name": "via",
      "x": 6,
      "y": 9
    },
    "12 8": {
      "name": "via",
      "x": 12,
      "y": 8
    },
    "2 8": {
      "name": "via",
      "x": 2,
      "y": 8
    },
    "2 10": {
      "name": "via",
      "x": 2,
      "y": 10
    },
    "4 7": {
      "name": "via",
      "x": 4,
      "y": 7
    },
    "16 8": {
      "name": "via",
      "x": 16,
      "y": 8
    },
    "16 10": {
      "name": "via",
      "x": 16,
      "y": 10
    },
    "16 4": {
      "name": "via",
      "x": 16,
      "y": 4
    },
    "14 9": {
      "name": "via",
      "x": 14,
      "y": 9
    },
    "15 9": {
      "name": "via",
      "x": 15,
      "y": 9
    },
    "10 8": {
      "name": "via",
      "x": 10,
      "y": 8
    },
    "9 8": {
      "name": "via",
      "x": 9,
      "y": 8
    },
    "8 9": {
      "name": "via",
      "x": 8,
      "y": 9
    },
    "8 11": {
      "name": "via",
      "x": 8,
      "y": 11
    },
    "0 11": {
      "name": "via",
      "x": 0,
      "y": 11
    },
    "0 9": {
      "name": "via",
      "x": 0,
      "y": 9
    },
    "4 10": {
      "name": "via",
      "x": 4,
      "y": 10
    },
    "4 13": {
      "name": "via",
      "x": 4,
      "y": 13
    },
    "2 15": {
      "name": "via",
      "x": 2,
      "y": 15
    },
    "0 14": {
      "name": "via",
      "x": 0,
      "y": 14
    },
    "5 14": {
      "name": "via",
      "x": 5,
      "y": 14
    },
    "5 13": {
      "name": "via",
      "x": 5,
      "y": 13
    },
    "8 13": {
      "name": "via",
      "x": 8,
      "y": 13
    },
    "8 14": {
      "name": "via",
      "x": 8,
      "y": 14
    },
    "9 15": {
      "name": "via",
      "x": 9,
      "y": 15
    },
    "10 15": {
      "name": "via",
      "x": 10,
      "y": 15
    },
    "14 14": {
      "name": "via",
      "x": 14,
      "y": 14
    },
    "15 14": {
      "name": "via",
      "x": 15,
      "y": 14
    },
    "16 15": {
      "name": "via",
      "x": 16,
      "y": 15
    },
    "2 16": {
      "name": "via",
      "x": 2,
      "y": 16
    },
    "12 15": {
      "name": "via",
      "x": 12,
      "y": 15
    },
    "6 14": {
      "name": "via",
      "x": 6,
      "y": 14
    },
    "6 21": {
      "name": "via",
      "x": 6,
      "y": 21
    },
    "12 20": {
      "name": "via",
      "x": 12,
      "y": 20
    },
    "2 20": {
      "name": "via",
      "x": 2,
      "y": 20
    },
    "2 22": {
      "name": "via",
      "x": 2,
      "y": 22
    },
    "4 19": {
      "name": "via",
      "x": 4,
      "y": 19
    },
    "16 20": {
      "name": "via",
      "x": 16,
      "y": 20
    },
    "16 22": {
      "name": "via",
      "x": 16,
      "y": 22
    },
    "16 16": {
      "name": "via",
      "x": 16,
      "y": 16
    },
    "14 21": {
      "name": "via",
      "x": 14,
      "y": 21
    },
    "15 21": {
      "name": "via",
      "x": 15,
      "y": 21
    },
    "10 20": {
      "name": "via",
      "x": 10,
      "y": 20
    },
    "9 20": {
      "name": "via",
      "x": 9,
      "y": 20
    },
    "8 21": {
      "name": "via",
      "x": 8,
      "y": 21
    },
    "8 23": {
      "name": "via",
      "x": 8,
      "y": 23
    },
    "0 23": {
      "name": "via",
      "x": 0,
      "y": 23
    },
    "0 21": {
      "name": "via",
      "x": 0,
      "y": 21
    },
    "4 22": {
      "name": "via",
      "x": 4,
      "y": 22
    },
    "4 25": {
      "name": "via",
      "x": 4,
      "y": 25
    },
    "2 27": {
      "name": "via",
      "x": 2,
      "y": 27
    },
    "0 26": {
      "name": "via",
      "x": 0,
      "y": 26
    },
    "5 26": {
      "name": "via",
      "x": 5,
      "y": 26
    },
    "5 25": {
      "name": "via",
      "x": 5,
      "y": 25
    },
    "8 25": {
      "name": "via",
      "x": 8,
      "y": 25
    },
    "8 26": {
      "name": "via",
      "x": 8,
      "y": 26
    },
    "9 27": {
      "name": "via",
      "x": 9,
      "y": 27
    },
    "10 27": {
      "name": "via",
      "x": 10,
      "y": 27
    },
    "14 26": {
      "name": "via",
      "x": 14,
      "y": 26
    },
    "15 26": {
      "name": "via",
      "x": 15,
      "y": 26
    },
    "16 27": {
      "name": "via",
      "x": 16,
      "y": 27
    },
    "2 28": {
      "name": "via",
      "x": 2,
      "y": 28
    },
    "12 27": {
      "name": "via",
      "x": 12,
      "y": 27
    },
    "6 26": {
      "name": "via",
      "x": 6,
      "y": 26
    },
    "6 33": {
      "name": "via",
      "x": 6,
      "y": 33
    },
    "12 32": {
      "name": "via",
      "x": 12,
      "y": 32
    },
    "2 32": {
      "name": "via",
      "x": 2,
      "y": 32
    },
    "2 34": {
      "name": "via",
      "x": 2,
      "y": 34
    },
    "4 31": {
      "name": "via",
      "x": 4,
      "y": 31
    },
    "16 32": {
      "name": "via",
      "x": 16,
      "y": 32
    },
    "16 34": {
      "name": "via",
      "x": 16,
      "y": 34
    },
    "16 28": {
      "name": "via",
      "x": 16,
      "y": 28
    },
    "14 33": {
      "name": "via",
      "x": 14,
      "y": 33
    },
    "15 33": {
      "name": "via",
      "x": 15,
      "y": 33
    },
    "10 32": {
      "name": "via",
      "x": 10,
      "y": 32
    },
    "9 32": {
      "name": "via",
      "x": 9,
      "y": 32
    },
    "8 33": {
      "name": "via",
      "x": 8,
      "y": 33
    },
    "8 35": {
      "name": "via",
      "x": 8,
      "y": 35
    },
    "0 35": {
      "name": "via",
      "x": 0,
      "y": 35
    },
    "0 33": {
      "name": "via",
      "x": 0,
      "y": 33
    },
    "4 34": {
      "name": "via",
      "x": 4,
      "y": 34
    },
    "4 37": {
      "name": "via",
      "x": 4,
      "y": 37
    },
    "2 39": {
      "name": "via",
      "x": 2,
      "y": 39
    },
    "0 38": {
      "name": "via",
      "x": 0,
      "y": 38
    },
    "5 38": {
      "name": "via",
      "x": 5,
      "y": 38
    },
    "5 37": {
      "name": "via",
      "x": 5,
      "y": 37
    },
    "8 37": {
      "name": "via",
      "x": 8,
      "y": 37
    },
    "8 38": {
      "name": "via",
      "x": 8,
      "y": 38
    },
    "9 39": {
      "name": "via",
      "x": 9,
      "y": 39
    },
    "10 39": {
      "name": "via",
      "x": 10,
      "y": 39
    },
    "14 38": {
      "name": "via",
      "x": 14,
      "y": 38
    },
    "15 38": {
      "name": "via",
      "x": 15,
      "y": 38
    },
    "16 39": {
      "name": "via",
      "x": 16,
      "y": 39
    },
    "2 40": {
      "name": "via",
      "x": 2,
      "y": 40
    },
    "12 39": {
      "name": "via",
      "x": 12,
      "y": 39
    },
    "6 38": {
      "name": "via",
      "x": 6,
      "y": 38
    },
    "6 45": {
      "name": "via",
      "x": 6,
      "y": 45
    },
    "12 44": {
      "name": "via",
      "x": 12,
      "y": 44
    },
    "2 44": {
      "name": "via",
      "x": 2,
      "y": 44
    },
    "2 46": {
      "name": "via",
      "x": 2,
      "y": 46
    },
    "4 43": {
      "name": "via",
      "x": 4,
      "y": 43
    },
    "16 44": {
      "name": "via",
      "x": 16,
      "y": 44
    },
    "16 46": {
      "name": "via",
      "x": 16,
      "y": 46
    },
    "16 40": {
      "name": "via",
      "x": 16,
      "y": 40
    },
    "14 45": {
      "name": "via",
      "x": 14,
      "y": 45
    },
    "15 45": {
      "name": "via",
      "x": 15,
      "y": 45
    },
    "10 44": {
      "name": "via",
      "x": 10,
      "y": 44
    },
    "9 44": {
      "name": "via",
      "x": 9,
      "y": 44
    },
    "8 45": {
      "name": "via",
      "x": 8,
      "y": 45
    },
    "8 47": {
      "name": "via",
      "x": 8,
      "y": 47
    },
    "0 47": {
      "name": "via",
      "x": 0,
      "y": 47
    },
    "0 45": {
      "name": "via",
      "x": 0,
      "y": 45
    },
    "4 46": {
      "name": "via",
      "x": 4,
      "y": 46
    }
  },
  "drawings": []
}