{
  "cells": [
    {
      "t": "mux2",
      "x": 0,
      "y": 0
    },
    {
      "t": "mux2",
      "x": 8,
      "y": 0
    },
    {
      "t": "mux2",
      "x": 16,
      "y": 0
    },
    {
      "t": "inv",
      "x": 24,
      "y": 0
    },
    {
      "t": "or2",
      "x": 26,
      "y": 0
    },
    {
      "t": "inv",
      "x": 31,
      "y": 0
    },
    {
      "t": "mux2",
      "x": 0,
      "y": 6
    },
    {
      "t": "mux2",
      "x": 8,
      "y": 6
    },
    {
      "t": "mux2",
      "x": 16,
      "y": 6
    },
    {
      "t": "inv",
      "x": 24,
      "y": 6
    },
    {
      "t": "or2",
      "x": 26,
      "y": 6
    },
    {
      "t": "inv",
      "x": 31,
      "y": 6
    }
  ],
  "horizontal": [
    {
      "x1": 12,
      "y1": 0,
      "x2": -1,
      "y2": 0
    },
    {
      "x1": 10,
      "y1": 5,
      "x2": -1,
      "y2": 5
    },
    {
      "x1": 2,
      "y1": 4,
      "x2": -1,
      "y2": 4
    },
    {
      "x1": 4,
      "y1": 1,
      "x2": -1,
      "y2": 1
    },
    {
      "x1": 0,
      "y1": 2,
      "x2": 4,
      "y2": 2
    },
    {
      "x1": 4,
      "y1": 4,
      "x2": 18,
      "y2": 4
    },
    {
      "x1": 20,
      "y1": 1,
      "x2": 13,
      "y2": 1
    },
    {
      "x1": 13,
      "y1": 2,
      "x2": 8,
      "y2": 2
    },
    {
      "x1": 16,
      "y1": 2,
      "x2": 21,
      "y2": 2
    },
    {
      "x1": 21,
      "y1": 1,
      "x2": 24,
      "y2": 1
    },
    {
      "x1": 25,
      "y1": 3,
      "x2": 26,
      "y2": 3
    },
    {
      "x1": 30,
      "y1": 2,
      "x2": 31,
      "y2": 2
    },
    {
      "x1": 32,
      "y1": 4,
      "x2": 33,
      "y2": 4
    },
    {
      "x1": 2,
      "y1": 10,
      "x2": -1,
      "y2": 10
    },
    {
      "x1": 4,
      "y1": 7,
      "x2": -1,
      "y2": 7
    },
    {
      "x1": 12,
      "y1": 6,
      "x2": -1,
      "y2": 6
    },
    {
      "x1": 10,
      "y1": 11,
      "x2": -1,
      "y2": 11
    },
    {
      "x1": 0,
      "y1": 9,
      "x2": 5,
      "y2": 9
    },
    {
      "x1": 5,
      "y1": 7,
      "x2": 18,
      "y2": 7
    },
    {
      "x1": 8,
      "y1": 9,
      "x2": 13,
      "y2": 9
    },
    {
      "x1": 13,
      "y1": 10,
      "x2": 20,
      "y2": 10
    },
    {
      "x1": 16,
      "y1": 9,
      "x2": 21,
      "y2": 9
    },
    {
      "x1": 21,
      "y1": 10,
      "x2": 24,
      "y2": 10
    },
    {
      "x1": 25,
      "y1": 8,
      "x2": 26,
      "y2": 8
    },
    {
      "x1": 30,
      "y1": 9,
      "x2": 31,
      "y2": 9
    },
    {
      "x1": 32,
      "y1": 10,
      "x2": 33,
      "y2": 10
    }
  ],
  "vertical": [
    {
      "x1": 12,
      "y1": 1,
      "x2": 12,
      "y2": 0
    },
    {
      "x1": 10,
      "y1": 3,
      "x2": 10,
      "y2": 5
    },
    {
      "x1": 2,
      "y1": 3,
      "x2": 2,
      "y2": 4
    },
    {
      "x1": 4,
      "y1": 2,
      "x2": 4,
      "y2": 4
    },
    {
      "x1": 18,
      "y1": 4,
      "x2": 18,
      "y2": 3
    },
    {
      "x1": 13,
      "y1": 1,
      "x2": 13,
      "y2": 2
    },
    {
      "x1": 6,
      "y1": 2,
      "x2": 6,
      "y2": -1
    },
    {
      "x1": 14,
      "y1": 2,
      "x2": 14,
      "y2": -1
    },
    {
      "x1": 22,
      "y1": 2,
      "x2": 22,
      "y2": -1
    },
    {
      "x1": 21,
      "y1": 2,
      "x2": 21,
      "y2": 1
    },
    {
      "x1": 24,
      "y1": 1,
      "x2": 24,
      "y2": 2
    },
    {
      "x1": 28,
      "y1": 3,
      "x2": 28,
      "y2": -1
    },
    {
      "x1": 32,
      "y1": 3,
      "x2": 32,
      "y2": 4
    },
    {
      "x1": 2,
      "y1": 8,
      "x2": 2,
      "y2": 10
    },
    {
      "x1": 4,
      "y1": 10,
      "x2": 4,
      "y2": 7
    },
    {
      "x1": 12,
      "y1": 10,
      "x2": 12,
      "y2": 6
    },
    {
      "x1": 10,
      "y1": 8,
      "x2": 10,
      "y2": 11
    },
    {
      "x1": 5,
      "y1": 9,
      "x2": 5,
      "y2": 8
    },
    {
      "x1": 6,
      "y1": 2,
      "x2": 6,
      "y2": 9
    },
    {
      "x1": 6,
      "y1": 9,
      "x2": 6,
      "y2": 12
    },
    {
      "x1": 14,
      "y1": 2,
      "x2": 14,
      "y2": 9
    },
    {
      "x1": 14,
      "y1": 9,
      "x2": 14,
      "y2": 12
    },
    {
      "x1": 22,
      "y1": 2,
      "x2": 22,
      "y2": 9
    },
    {
      "x1": 22,
      "y1": 9,
      "x2": 22,
      "y2": 12
    },
    {
      "x1": 28,
      "y1": 3,
      "x2": 28,
      "y2": 8
    },
    {
      "x1": 28,
      "y1": 8,
      "x2": 28,
      "y2": 12
    },
    {
      "x1": 5,
      "y1": 8,
      "x2": 5,
      "y2": 7
    },
    {
      "x1": 18,
      "y1": 7,
      "x2": 18,
      "y2": 8
    },
    {
      "x1": 13,
      "y1": 9,
      "x2": 13,
      "y2": 10
    },
    {
      "x1": 21,
      "y1": 9,
      "x2": 21,
      "y2": 10
    },
    {
      "x1": 24,
      "y1": 10,
      "x2": 24,
      "y2": 9
    },
    {
      "x1": 32,
      "y1": 8,
      "x2": 32,
      "y2": 10
    }
  ],
  "static": {},
  "vias": {
    "12 1": {
      "name": "via",
      "x": 12,
      "y": 1
    },
    "12 0": {
      "name": "via",
      "x": 12,
      "y": 0
    },
    "-1 0": {
      "name": "via",
      "x": -1,
      "y": 0
    },
    "10 3": {
      "name": "via",
      "x": 10,
      "y": 3
    },
    "10 5": {
      "name": "via",
      "x": 10,
      "y": 5
    },
    "-1 5": {
      "name": "via",
      "x": -1,
      "y": 5
    },
    "2 3": {
      "name": "via",
      "x": 2,
      "y": 3
    },
    "2 4": {
      "name": "via",
      "x": 2,
      "y": 4
    },
    "-1 4": {
      "name": "via",
      "x": -1,
      "y": 4
    },
    "4 1": {
      "name": "via",
      "x": 4,
      "y": 1
    },
    "-1 1": {
      "name": "via",
      "x": -1,
      "y": 1
    },
    "0 2": {
      "name": "via",
      "x": 0,
      "y": 2
    },
    "4 2": {
      "name": "via",
      "x": 4,
      "y": 2
    },
    "4 4": {
      "name": "via",
      "x": 4,
      "y": 4
    },
    "18 4": {
      "name": "via",
      "x": 18,
      "y": 4
    },
    "18 3": {
      "name": "via",
      "x": 18,
      "y": 3
    },
    "20 1": {
      "name": "via",
      "x": 20,
      "y": 1
    },
    "13 1": {
      "name": "via",
      "x": 13,
      "y": 1
    },
    "13 2": {
      "name": "via",
      "x": 13,
      "y": 2
    },
    "8 2": {
      "name": "via",
      "x": 8,
      "y": 2
    },
    "6 2": {
      "name": "via",
      "x": 6,
      "y": 2
    },
    "6 -1": {
      "name": "via",
      "x": 6,
      "y": -1
    },
    "14 2": {
      "name": "via",
      "x": 14,
      "y": 2
    },
    "14 -1": {
      "name": "via",
      "x": 14,
      "y": -1
    },
    "22 2": {
      "name": "via",
      "x": 22,
      "y": 2
    },
    "22 -1": {
      "name": "via",
      "x": 22,
      "y": -1
    },
    "16 2": {
      "name": "via",
      "x": 16,
      "y": 2
    },
    "21 2": {
      "name": "via",
      "x": 21,
      "y": 2
    },
    "21 1": {
      "name": "via",
      "x": 21,
      "y": 1
    },
    "24 1": {
      "name": "via",
      "x": 24,
      "y": 1
    },
    "24 2": {
      "name": "via",
      "x": 24,
      "y": 2
    },
    "25 3": {
      "name": "via",
      "x": 25,
      "y": 3
    },
    "26 3": {
      "name": "via",
      "x": 26,
      "y": 3
    },
    "28 3": {
      "name": "via",
      "x": 28,
      "y": 3
    },
    "28 -1": {
      "name": "via",
      "x": 28,
      "y": -1
    },
    "30 2": {
      "name": "via",
      "x": 30,
      "y": 2
    },
    "31 2": {
      "name": "via",
      "x": 31,
      "y": 2
    },
    "32 3": {
      "name": "via",
      "x": 32,
      "y": 3
    },
    "32 4": {
      "name": "via",
      "x": 32,
      "y": 4
    },
    "33 4": {
      "name": "via",
      "x": 33,
      "y": 4
    },
    "2 8": {
      "name": "via",
      "x": 2,
      "y": 8
    },
    "2 10": {
      "name": "via",
      "x": 2,
      "y": 10
    },
    "-1 10": {
      "name": "via",
      "x": -1,
      "y": 10
    },
    "4 10": {
      "name": "via",
      "x": 4,
      "y": 10
    },
    "4 7": {
      "name": "via",
      "x": 4,
      "y": 7
    },
    "-1 7": {
      "name": "via",
      "x": -1,
      "y": 7
    },
    "12 10": {
      "name": "via",
      "x": 12,
      "y": 10
    },
    "12 6": {
      "name": "via",
      "x": 12,
      "y": 6
    },
    "-1 6": {
      "name": "via",
      "x": -1,
      "y": 6
    },
    "10 8": {
      "name": "via",
      "x": 10,
      "y": 8
    },
    "10 11": {
      "name": "via",
      "x": 10,
      "y": 11
    },
    "-1 11": {
      "name": "via",
      "x": -1,
      "y": 11
    },
    "0 9": {
      "name": "via",
      "x": 0,
      "y": 9
    },
    "5 9": {
      "name": "via",
      "x": 5,
      "y": 9
    },
    "6 9": {
      "name": "via",
      "x": 6,
      "y": 9
    },
    "6 12": {
      "name": "via",
      "x": 6,
      "y": 12
    },
    "14 9": {
      "name": "via",
      "x": 14,
      "y": 9
    },
    "14 12": {
      "name": "via",
      "x": 14,
      "y": 12
    },
    "22 9": {
      "name": "via",
      "x": 22,
      "y": 9
    },
    "22 12": {
      "name": "via",
      "x": 22,
      "y": 12
    },
    "28 8": {
      "name": "via",
      "x": 28,
      "y": 8
    },
    "28 12": {
      "name": "via",
      "x": 28,
      "y": 12
    },
    "5 7": {
      "name": "via",
      "x": 5,
      "y": 7
    },
    "18 7": {
      "name": "via",
      "x": 18,
      "y": 7
    },
    "18 8": {
      "name": "via",
      "x": 18,
      "y": 8
    },
    "8 9": {
      "name": "via",
      "x": 8,
      "y": 9
    },
    "13 9": {
      "name": "via",
      "x": 13,
      "y": 9
    },
    "13 10": {
      "name": "via",
      "x": 13,
      "y": 10
    },
    "20 10": {
      "name": "via",
      "x": 20,
      "y": 10
    },
    "16 9": {
      "name": "via",
      "x": 16,
      "y": 9
    },
    "21 9": {
      "name": "via",
      "x": 21,
      "y": 9
    },
    "21 10": {
      "name": "via",
      "x": 21,
      "y": 10
    },
    "24 10": {
      "name": "via",
      "x": 24,
      "y": 10
    },
    "24 9": {
      "name": "via",
      "x": 24,
      "y": 9
    },
    "25 8": {
      "name": "via",
      "x": 25,
      "y": 8
    },
    "26 8": {
      "name": "via",
      "x": 26,
      "y": 8
    },
    "30 9": {
      "name": "via",
      "x": 30,
      "y": 9
    },
    "31 9": {
      "name": "via",
      "x": 31,
      "y": 9
    },
    "32 8": {
      "name": "via",
      "x": 32,
      "y": 8
    },
    "32 10": {
      "name": "via",
      "x": 32,
      "y": 10
    },
    "33 10": {
      "name": "via",
      "x": 33,
      "y": 10
    },
    "-12 -12": {
      "name": "via",
      "x": -12,
      "y": -12
    }
  },
  "drawings": []
}