{
  "cells": [
    {
      "t": "dfxtp",
      "x": -81,
      "y": -18
    },
    {
      "t": "mux2",
      "x": -81,
      "y": -24
    },
    {
      "t": "mux2",
      "x": -71,
      "y": -24
    },
    {
      "t": "mux2",
      "x": -85,
      "y": -12
    },
    {
      "t": "mux2",
      "x": -72,
      "y": -12
    },
    {
      "t": "mux2",
      "x": -57,
      "y": -24
    },
    {
      "t": "mux2",
      "x": -59,
      "y": -12
    },
    {
      "t": "dfxtp",
      "x": -82,
      "y": 24
    },
    {
      "t": "mux2",
      "x": -79,
      "y": 18
    },
    {
      "t": "mux2",
      "x": -78,
      "y": 30
    },
    {
      "t": "mux2",
      "x": -67,
      "y": 18
    },
    {
      "t": "mux2",
      "x": -66,
      "y": 30
    },
    {
      "t": "mux2",
      "x": -59,
      "y": 24
    },
    {
      "t": "dfxtp",
      "x": -34,
      "y": 24
    },
    {
      "t": "dfxtp",
      "x": -34,
      "y": 6
    },
    {
      "t": "dfxtp",
      "x": -34,
      "y": -6
    },
    {
      "t": "dfxtp",
      "x": -34,
      "y": -18
    },
    {
      "t": "mux2",
      "x": -28,
      "y": 18
    },
    {
      "t": "mux2",
      "x": -28,
      "y": 30
    },
    {
      "t": "mux2",
      "x": -15,
      "y": 30
    },
    {
      "t": "mux2",
      "x": -14,
      "y": 6
    },
    {
      "t": "mux2",
      "x": -16,
      "y": 18
    },
    {
      "t": "mux2",
      "x": -10,
      "y": 12
    },
    {
      "t": "mux2",
      "x": -8,
      "y": 24
    },
    {
      "t": "mux2",
      "x": -13,
      "y": -6
    },
    {
      "t": "mux2",
      "x": -10,
      "y": -18
    },
    {
      "t": "xor2",
      "x": -13,
      "y": -30
    },
    {
      "t": "fa",
      "x": 0,
      "y": -30
    },
    {
      "t": "and2",
      "x": 6,
      "y": -18
    },
    {
      "t": "or2",
      "x": 6,
      "y": -12
    },
    {
      "t": "xor2",
      "x": 5,
      "y": 0
    },
    {
      "t": "mux2",
      "x": 5,
      "y": 12
    },
    {
      "t": "mux2",
      "x": 5,
      "y": 18
    },
    {
      "t": "mux2",
      "x": 14,
      "y": 12
    },
    {
      "t": "mux2",
      "x": 11,
      "y": 30
    },
    {
      "t": "mux2",
      "x": 21,
      "y": 30
    },
    {
      "t": "mux2",
      "x": 21,
      "y": 24
    },
    {
      "t": "mux2",
      "x": 27,
      "y": 18
    },
    {
      "t": "mux2",
      "x": 31,
      "y": 12
    },
    {
      "t": "mux2",
      "x": 37,
      "y": 18
    },
    {
      "t": "mux2",
      "x": 31,
      "y": -6
    },
    {
      "t": "mux2",
      "x": 25,
      "y": 0
    },
    {
      "t": "mux2",
      "x": 35,
      "y": 0
    },
    {
      "t": "mux2",
      "x": 42,
      "y": -6
    },
    {
      "t": "mux2",
      "x": 45,
      "y": -12
    },
    {
      "t": "mux2",
      "x": 35,
      "y": -12
    },
    {
      "t": "mux2",
      "x": 15,
      "y": -6
    },
    {
      "t": "mux2",
      "x": 15,
      "y": -18
    },
    {
      "t": "mux2",
      "x": 24,
      "y": -18
    },
    {
      "t": "mux2",
      "x": 21,
      "y": -30
    },
    {
      "t": "mux2",
      "x": 35,
      "y": -24
    }
  ],
  "horizontal": [
    {
      "x1": -65,
      "y1": -15,
      "x2": -108,
      "y2": -15
    },
    {
      "x1": -81,
      "y1": -16,
      "x2": -84,
      "y2": -16
    },
    {
      "x1": -108,
      "y1": 4,
      "x2": -81,
      "y2": 4
    },
    {
      "x1": -18,
      "y1": -15,
      "x2": -15,
      "y2": -15
    },
    {
      "x1": -15,
      "y1": -16,
      "x2": -8,
      "y2": -16
    },
    {
      "x1": -84,
      "y1": 27,
      "x2": -82,
      "y2": 27
    },
    {
      "x1": -84,
      "y1": -1,
      "x2": -34,
      "y2": -1
    },
    {
      "x1": -13,
      "y1": -13,
      "x2": -6,
      "y2": -13
    },
    {
      "x1": -10,
      "y1": -15,
      "x2": -5,
      "y2": -15
    },
    {
      "x1": -5,
      "y1": -14,
      "x2": 2,
      "y2": -14
    },
    {
      "x1": 2,
      "y1": -15,
      "x2": 6,
      "y2": -15
    },
    {
      "x1": 8,
      "y1": -10,
      "x2": 2,
      "y2": -10
    },
    {
      "x1": 2,
      "y1": 3,
      "x2": 7,
      "y2": 3
    },
    {
      "x1": 2,
      "y1": 15,
      "x2": 7,
      "y2": 15
    },
    {
      "x1": 2,
      "y1": -23,
      "x2": -11,
      "y2": -23
    },
    {
      "x1": -11,
      "y1": -4,
      "x2": -18,
      "y2": -4
    },
    {
      "x1": -18,
      "y1": 8,
      "x2": -12,
      "y2": 8
    },
    {
      "x1": -14,
      "y1": 12,
      "x2": -2,
      "y2": 12
    },
    {
      "x1": -2,
      "y1": 22,
      "x2": -4,
      "y2": 22
    },
    {
      "x1": -8,
      "y1": 24,
      "x2": 4,
      "y2": 24
    },
    {
      "x1": 4,
      "y1": 24,
      "x2": 4,
      "y2": 24
    },
    {
      "x1": 4,
      "y1": 2,
      "x2": 6,
      "y2": 2
    },
    {
      "x1": 6,
      "y1": 2,
      "x2": 4,
      "y2": 2
    },
    {
      "x1": 4,
      "y1": -9,
      "x2": 6,
      "y2": -9
    },
    {
      "x1": 6,
      "y1": -9,
      "x2": 4,
      "y2": -9
    },
    {
      "x1": 4,
      "y1": -14,
      "x2": 8,
      "y2": -14
    },
    {
      "x1": 25,
      "y1": 2,
      "x2": 19,
      "y2": 2
    },
    {
      "x1": 10,
      "y1": -2,
      "x2": 17,
      "y2": -2
    },
    {
      "x1": 15,
      "y1": -8,
      "x2": 28,
      "y2": -8
    },
    {
      "x1": 10,
      "y1": -16,
      "x2": 17,
      "y2": -16
    },
    {
      "x1": 10,
      "y1": -10,
      "x2": 19,
      "y2": -10
    },
    {
      "x1": 15,
      "y1": -15,
      "x2": 19,
      "y2": -15
    },
    {
      "x1": 19,
      "y1": -16,
      "x2": 26,
      "y2": -16
    },
    {
      "x1": 24,
      "y1": -15,
      "x2": 28,
      "y2": -15
    },
    {
      "x1": 28,
      "y1": -21,
      "x2": 37,
      "y2": -21
    },
    {
      "x1": 21,
      "y1": -23,
      "x2": 39,
      "y2": -23
    },
    {
      "x1": 35,
      "y1": -22,
      "x2": -48,
      "y2": -22
    },
    {
      "x1": -48,
      "y1": -23,
      "x2": -53,
      "y2": -23
    },
    {
      "x1": 4,
      "y1": -25,
      "x2": 13,
      "y2": -25
    },
    {
      "x1": 5,
      "y1": 14,
      "x2": 10,
      "y2": 14
    },
    {
      "x1": 10,
      "y1": 13,
      "x2": 18,
      "y2": 13
    },
    {
      "x1": 5,
      "y1": 19,
      "x2": 16,
      "y2": 19
    },
    {
      "x1": 4,
      "y1": 24,
      "x2": 17,
      "y2": 24
    },
    {
      "x1": 17,
      "y1": 24,
      "x2": 19,
      "y2": 24
    },
    {
      "x1": 14,
      "y1": 32,
      "x2": 13,
      "y2": 32
    },
    {
      "x1": 14,
      "y1": 0,
      "x2": 15,
      "y2": 0
    },
    {
      "x1": 11,
      "y1": 25,
      "x2": 25,
      "y2": 25
    },
    {
      "x1": 21,
      "y1": 28,
      "x2": 23,
      "y2": 28
    },
    {
      "x1": 21,
      "y1": 26,
      "x2": 26,
      "y2": 26
    },
    {
      "x1": 26,
      "y1": 25,
      "x2": 29,
      "y2": 25
    },
    {
      "x1": 31,
      "y1": 16,
      "x2": 30,
      "y2": 16
    },
    {
      "x1": 30,
      "y1": -13,
      "x2": 30,
      "y2": -13
    },
    {
      "x1": 30,
      "y1": -13,
      "x2": 32,
      "y2": -13
    },
    {
      "x1": 27,
      "y1": 13,
      "x2": 35,
      "y2": 13
    },
    {
      "x1": 37,
      "y1": 18,
      "x2": 33,
      "y2": 18
    },
    {
      "x1": 31,
      "y1": 8,
      "x2": 44,
      "y2": 8
    },
    {
      "x1": 47,
      "y1": 47,
      "x2": 47,
      "y2": 47
    },
    {
      "x1": 45,
      "y1": -9,
      "x2": 37,
      "y2": -9
    },
    {
      "x1": 37,
      "y1": -9,
      "x2": 37,
      "y2": -9
    },
    {
      "x1": 42,
      "y1": -11,
      "x2": 39,
      "y2": -11
    },
    {
      "x1": 35,
      "y1": -4,
      "x2": 33,
      "y2": -4
    },
    {
      "x1": 35,
      "y1": -2,
      "x2": 36,
      "y2": -2
    },
    {
      "x1": 37,
      "y1": 10,
      "x2": 38,
      "y2": 10
    },
    {
      "x1": 31,
      "y1": -3,
      "x2": 29,
      "y2": -3
    },
    {
      "x1": 35,
      "y1": 3,
      "x2": 27,
      "y2": 3
    },
    {
      "x1": 15,
      "y1": -28,
      "x2": 23,
      "y2": -28
    },
    {
      "x1": 4,
      "y1": -30,
      "x2": -8,
      "y2": -30
    },
    {
      "x1": -81,
      "y1": 4,
      "x2": -31,
      "y2": 4
    },
    {
      "x1": -81,
      "y1": 16,
      "x2": -75,
      "y2": 16
    },
    {
      "x1": -66,
      "y1": 26,
      "x2": -108,
      "y2": 26
    },
    {
      "x1": -63,
      "y1": 16,
      "x2": -41,
      "y2": 16
    },
    {
      "x1": -77,
      "y1": -23,
      "x2": -71,
      "y2": -23
    },
    {
      "x1": -67,
      "y1": -23,
      "x2": -57,
      "y2": -23
    },
    {
      "x1": -85,
      "y1": -13,
      "x2": -79,
      "y2": -13
    },
    {
      "x1": -81,
      "y1": -22,
      "x2": -78,
      "y2": -22
    },
    {
      "x1": -78,
      "y1": 33,
      "x2": -79,
      "y2": 33
    },
    {
      "x1": -79,
      "y1": 21,
      "x2": -76,
      "y2": 21
    },
    {
      "x1": -67,
      "y1": 21,
      "x2": -69,
      "y2": 21
    },
    {
      "x1": -69,
      "y1": 34,
      "x2": -74,
      "y2": 34
    }
  ],
  "vertical": [
    {
      "x1": -84,
      "y1": -16,
      "x2": -84,
      "y2": -36
    },
    {
      "x1": -15,
      "y1": -15,
      "x2": -15,
      "y2": -16
    },
    {
      "x1": -34,
      "y1": 27,
      "x2": -34,
      "y2": 8
    },
    {
      "x1": -34,
      "y1": 8,
      "x2": -34,
      "y2": -4
    },
    {
      "x1": -34,
      "y1": -16,
      "x2": -34,
      "y2": -4
    },
    {
      "x1": -84,
      "y1": -16,
      "x2": -84,
      "y2": 22
    },
    {
      "x1": -84,
      "y1": 22,
      "x2": -84,
      "y2": 27
    },
    {
      "x1": -13,
      "y1": -3,
      "x2": -13,
      "y2": -13
    },
    {
      "x1": -6,
      "y1": -13,
      "x2": -6,
      "y2": -14
    },
    {
      "x1": -5,
      "y1": -15,
      "x2": -5,
      "y2": -14
    },
    {
      "x1": 2,
      "y1": -14,
      "x2": 2,
      "y2": -15
    },
    {
      "x1": 8,
      "y1": -9,
      "x2": 8,
      "y2": -10
    },
    {
      "x1": 2,
      "y1": -10,
      "x2": 2,
      "y2": -14
    },
    {
      "x1": 2,
      "y1": -10,
      "x2": 2,
      "y2": 3
    },
    {
      "x1": 2,
      "y1": 3,
      "x2": 2,
      "y2": 15
    },
    {
      "x1": 2,
      "y1": -15,
      "x2": 2,
      "y2": -23
    },
    {
      "x1": -11,
      "y1": -23,
      "x2": -11,
      "y2": -28
    },
    {
      "x1": -18,
      "y1": -4,
      "x2": -18,
      "y2": -3
    },
    {
      "x1": -9,
      "y1": -2,
      "x2": -9,
      "y2": -6
    },
    {
      "x1": -18,
      "y1": 9,
      "x2": -18,
      "y2": 8
    },
    {
      "x1": -10,
      "y1": 10,
      "x2": -10,
      "y2": 6
    },
    {
      "x1": -14,
      "y1": 9,
      "x2": -14,
      "y2": 12
    },
    {
      "x1": -2,
      "y1": 12,
      "x2": -2,
      "y2": 22
    },
    {
      "x1": -4,
      "y1": 22,
      "x2": -4,
      "y2": 25
    },
    {
      "x1": -8,
      "y1": 26,
      "x2": -8,
      "y2": 24
    },
    {
      "x1": 4,
      "y1": 24,
      "x2": 4,
      "y2": 2
    },
    {
      "x1": 4,
      "y1": 2,
      "x2": 4,
      "y2": -9
    },
    {
      "x1": 4,
      "y1": -9,
      "x2": 4,
      "y2": -14
    },
    {
      "x1": 8,
      "y1": -14,
      "x2": 8,
      "y2": -15
    },
    {
      "x1": 19,
      "y1": 2,
      "x2": 19,
      "y2": -2
    },
    {
      "x1": 10,
      "y1": 5,
      "x2": 10,
      "y2": -2
    },
    {
      "x1": 17,
      "y1": -2,
      "x2": 17,
      "y2": -4
    },
    {
      "x1": 15,
      "y1": -3,
      "x2": 15,
      "y2": -8
    },
    {
      "x1": 28,
      "y1": -8,
      "x2": 28,
      "y2": -14
    },
    {
      "x1": 19,
      "y1": -10,
      "x2": 19,
      "y2": -14
    },
    {
      "x1": 19,
      "y1": -15,
      "x2": 19,
      "y2": -16
    },
    {
      "x1": 28,
      "y1": -15,
      "x2": 28,
      "y2": -21
    },
    {
      "x1": 21,
      "y1": -27,
      "x2": 21,
      "y2": -23
    },
    {
      "x1": -48,
      "y1": -22,
      "x2": -48,
      "y2": -23
    },
    {
      "x1": 4,
      "y1": -14,
      "x2": 4,
      "y2": -19
    },
    {
      "x1": 4,
      "y1": -19,
      "x2": 4,
      "y2": -25
    },
    {
      "x1": 13,
      "y1": -25,
      "x2": 13,
      "y2": -27
    },
    {
      "x1": 9,
      "y1": 22,
      "x2": 9,
      "y2": 18
    },
    {
      "x1": 7,
      "y1": 20,
      "x2": 7,
      "y2": 47
    },
    {
      "x1": 9,
      "y1": 13,
      "x2": 9,
      "y2": -42
    },
    {
      "x1": 10,
      "y1": 14,
      "x2": 10,
      "y2": 13
    },
    {
      "x1": 5,
      "y1": 21,
      "x2": 5,
      "y2": 19
    },
    {
      "x1": 16,
      "y1": 19,
      "x2": 16,
      "y2": 15
    },
    {
      "x1": 14,
      "y1": 14,
      "x2": 14,
      "y2": 32
    },
    {
      "x1": 15,
      "y1": 34,
      "x2": 15,
      "y2": 0
    },
    {
      "x1": 14,
      "y1": 0,
      "x2": 14,
      "y2": -42
    },
    {
      "x1": 11,
      "y1": 33,
      "x2": 11,
      "y2": 25
    },
    {
      "x1": 25,
      "y1": 34,
      "x2": 25,
      "y2": 30
    },
    {
      "x1": 23,
      "y1": 32,
      "x2": 23,
      "y2": 47
    },
    {
      "x1": 21,
      "y1": 33,
      "x2": 21,
      "y2": 28
    },
    {
      "x1": 23,
      "y1": 28,
      "x2": 23,
      "y2": 27
    },
    {
      "x1": 26,
      "y1": 26,
      "x2": 26,
      "y2": 25
    },
    {
      "x1": 29,
      "y1": 25,
      "x2": 29,
      "y2": 20
    },
    {
      "x1": 31,
      "y1": 22,
      "x2": 31,
      "y2": 16
    },
    {
      "x1": 30,
      "y1": 16,
      "x2": 30,
      "y2": -13
    },
    {
      "x1": 32,
      "y1": -13,
      "x2": 32,
      "y2": -42
    },
    {
      "x1": 27,
      "y1": 21,
      "x2": 27,
      "y2": 13
    },
    {
      "x1": 37,
      "y1": 21,
      "x2": 37,
      "y2": 18
    },
    {
      "x1": 33,
      "y1": 18,
      "x2": 33,
      "y2": 15
    },
    {
      "x1": 39,
      "y1": 20,
      "x2": 39,
      "y2": 47
    },
    {
      "x1": 41,
      "y1": 22,
      "x2": 41,
      "y2": 18
    },
    {
      "x1": 31,
      "y1": 14,
      "x2": 31,
      "y2": 8
    },
    {
      "x1": 44,
      "y1": 8,
      "x2": 44,
      "y2": -4
    },
    {
      "x1": 46,
      "y1": -2,
      "x2": 46,
      "y2": -42
    },
    {
      "x1": 49,
      "y1": -11,
      "x2": 49,
      "y2": -7
    },
    {
      "x1": 47,
      "y1": -9,
      "x2": 47,
      "y2": 47
    },
    {
      "x1": 45,
      "y1": -10,
      "x2": 45,
      "y2": -9
    },
    {
      "x1": 42,
      "y1": -3,
      "x2": 42,
      "y2": -11
    },
    {
      "x1": 35,
      "y1": -10,
      "x2": 35,
      "y2": -4
    },
    {
      "x1": 36,
      "y1": -2,
      "x2": 36,
      "y2": -42
    },
    {
      "x1": 39,
      "y1": 1,
      "x2": 39,
      "y2": 5
    },
    {
      "x1": 37,
      "y1": 3,
      "x2": 37,
      "y2": 10
    },
    {
      "x1": 38,
      "y1": 10,
      "x2": 38,
      "y2": 47
    },
    {
      "x1": 29,
      "y1": -3,
      "x2": 29,
      "y2": 1
    },
    {
      "x1": 35,
      "y1": 2,
      "x2": 35,
      "y2": 3
    },
    {
      "x1": 7,
      "y1": -28,
      "x2": 7,
      "y2": -36
    },
    {
      "x1": 0,
      "y1": -27,
      "x2": 0,
      "y2": 41
    },
    {
      "x1": 4,
      "y1": -27,
      "x2": 4,
      "y2": -30
    },
    {
      "x1": -81,
      "y1": 4,
      "x2": -81,
      "y2": -11
    },
    {
      "x1": -31,
      "y1": 4,
      "x2": -31,
      "y2": -4
    },
    {
      "x1": -31,
      "y1": -4,
      "x2": -31,
      "y2": 4
    },
    {
      "x1": -31,
      "y1": 4,
      "x2": -31,
      "y2": 8
    },
    {
      "x1": -31,
      "y1": 8,
      "x2": -31,
      "y2": 27
    },
    {
      "x1": -81,
      "y1": 4,
      "x2": -81,
      "y2": 16
    },
    {
      "x1": -75,
      "y1": 16,
      "x2": -75,
      "y2": 22
    },
    {
      "x1": -31,
      "y1": -22,
      "x2": -31,
      "y2": -16
    },
    {
      "x1": -63,
      "y1": 22,
      "x2": -63,
      "y2": 16
    },
    {
      "x1": -41,
      "y1": 16,
      "x2": -41,
      "y2": -22
    },
    {
      "x1": -71,
      "y1": -23,
      "x2": -71,
      "y2": -22
    },
    {
      "x1": -57,
      "y1": -23,
      "x2": -57,
      "y2": -22
    },
    {
      "x1": -85,
      "y1": -10,
      "x2": -85,
      "y2": -13
    },
    {
      "x1": -79,
      "y1": -13,
      "x2": -79,
      "y2": -21
    },
    {
      "x1": -78,
      "y1": -22,
      "x2": -78,
      "y2": -16
    },
    {
      "x1": -79,
      "y1": 33,
      "x2": -79,
      "y2": 27
    },
    {
      "x1": -76,
      "y1": 21,
      "x2": -76,
      "y2": 32
    },
    {
      "x1": -69,
      "y1": 21,
      "x2": -69,
      "y2": 34
    }
  ],
  "static": {
    "-3 -2": {
      "name": "static",
      "x": -3,
      "y": -2
    },
    "-2 -5": {
      "name": "static",
      "x": -2,
      "y": -5
    },
    "-2 -8": {
      "name": "static",
      "x": -2,
      "y": -8
    },
    "-1 -9": {
      "name": "static",
      "x": -1,
      "y": -9
    },
    "-43 -15": {
      "name": "static",
      "x": -43,
      "y": -15
    },
    "19 22": {
      "name": "static",
      "x": 19,
      "y": 22
    },
    "12 8": {
      "name": "static",
      "x": 12,
      "y": 8
    },
    "-9 -6": {
      "name": "static",
      "x": -9,
      "y": -6
    },
    "-10 6": {
      "name": "static",
      "x": -10,
      "y": 6
    },
    "9 18": {
      "name": "static",
      "x": 9,
      "y": 18
    },
    "25 30": {
      "name": "static",
      "x": 25,
      "y": 30
    },
    "41 18": {
      "name": "static",
      "x": 41,
      "y": 18
    },
    "49 -7": {
      "name": "static",
      "x": 49,
      "y": -7
    },
    "39 5": {
      "name": "static",
      "x": 39,
      "y": 5
    }
  },
  "vias": {
    "-65 -15": {
      "name": "via",
      "x": -65,
      "y": -15
    },
    "-108 -15": {
      "name": "via",
      "x": -108,
      "y": -15
    },
    "-81 -16": {
      "name": "via",
      "x": -81,
      "y": -16
    },
    "-84 -16": {
      "name": "via",
      "x": -84,
      "y": -16
    },
    "-84 -36": {
      "name": "via",
      "x": -84,
      "y": -36
    },
    "-108 4": {
      "name": "via",
      "x": -108,
      "y": 4
    },
    "-81 4": {
      "name": "via",
      "x": -81,
      "y": 4
    },
    "-18 -15": {
      "name": "via",
      "x": -18,
      "y": -15
    },
    "-15 -15": {
      "name": "via",
      "x": -15,
      "y": -15
    },
    "-15 -16": {
      "name": "via",
      "x": -15,
      "y": -16
    },
    "-8 -16": {
      "name": "via",
      "x": -8,
      "y": -16
    },
    "-34 27": {
      "name": "via",
      "x": -34,
      "y": 27
    },
    "-34 8": {
      "name": "via",
      "x": -34,
      "y": 8
    },
    "-34 -4": {
      "name": "via",
      "x": -34,
      "y": -4
    },
    "-34 -16": {
      "name": "via",
      "x": -34,
      "y": -16
    },
    "-84 27": {
      "name": "via",
      "x": -84,
      "y": 27
    },
    "-82 27": {
      "name": "via",
      "x": -82,
      "y": 27
    },
    "-84 -1": {
      "name": "via",
      "x": -84,
      "y": -1
    },
    "-34 -1": {
      "name": "via",
      "x": -34,
      "y": -1
    },
    "-13 -3": {
      "name": "via",
      "x": -13,
      "y": -3
    },
    "-13 -13": {
      "name": "via",
      "x": -13,
      "y": -13
    },
    "-6 -13": {
      "name": "via",
      "x": -6,
      "y": -13
    },
    "-6 -14": {
      "name": "via",
      "x": -6,
      "y": -14
    },
    "-10 -15": {
      "name": "via",
      "x": -10,
      "y": -15
    },
    "-5 -15": {
      "name": "via",
      "x": -5,
      "y": -15
    },
    "-5 -14": {
      "name": "via",
      "x": -5,
      "y": -14
    },
    "2 -14": {
      "name": "via",
      "x": 2,
      "y": -14
    },
    "2 -15": {
      "name": "via",
      "x": 2,
      "y": -15
    },
    "6 -15": {
      "name": "via",
      "x": 6,
      "y": -15
    },
    "8 -9": {
      "name": "via",
      "x": 8,
      "y": -9
    },
    "8 -10": {
      "name": "via",
      "x": 8,
      "y": -10
    },
    "2 -10": {
      "name": "via",
      "x": 2,
      "y": -10
    },
    "2 3": {
      "name": "via",
      "x": 2,
      "y": 3
    },
    "7 3": {
      "name": "via",
      "x": 7,
      "y": 3
    },
    "2 15": {
      "name": "via",
      "x": 2,
      "y": 15
    },
    "7 15": {
      "name": "via",
      "x": 7,
      "y": 15
    },
    "2 -23": {
      "name": "via",
      "x": 2,
      "y": -23
    },
    "-11 -23": {
      "name": "via",
      "x": -11,
      "y": -23
    },
    "-11 -28": {
      "name": "via",
      "x": -11,
      "y": -28
    },
    "-11 -4": {
      "name": "via",
      "x": -11,
      "y": -4
    },
    "-18 -4": {
      "name": "via",
      "x": -18,
      "y": -4
    },
    "-18 -3": {
      "name": "via",
      "x": -18,
      "y": -3
    },
    "-9 -2": {
      "name": "via",
      "x": -9,
      "y": -2
    },
    "-18 9": {
      "name": "via",
      "x": -18,
      "y": 9
    },
    "-18 8": {
      "name": "via",
      "x": -18,
      "y": 8
    },
    "-12 8": {
      "name": "via",
      "x": -12,
      "y": 8
    },
    "-14 9": {
      "name": "via",
      "x": -14,
      "y": 9
    },
    "-10 10": {
      "name": "via",
      "x": -10,
      "y": 10
    },
    "-14 12": {
      "name": "via",
      "x": -14,
      "y": 12
    },
    "-2 12": {
      "name": "via",
      "x": -2,
      "y": 12
    },
    "-2 22": {
      "name": "via",
      "x": -2,
      "y": 22
    },
    "-4 22": {
      "name": "via",
      "x": -4,
      "y": 22
    },
    "-4 25": {
      "name": "via",
      "x": -4,
      "y": 25
    },
    "-8 26": {
      "name": "via",
      "x": -8,
      "y": 26
    },
    "-8 24": {
      "name": "via",
      "x": -8,
      "y": 24
    },
    "4 24": {
      "name": "via",
      "x": 4,
      "y": 24
    },
    "4 2": {
      "name": "via",
      "x": 4,
      "y": 2
    },
    "6 2": {
      "name": "via",
      "x": 6,
      "y": 2
    },
    "4 -9": {
      "name": "via",
      "x": 4,
      "y": -9
    },
    "6 -9": {
      "name": "via",
      "x": 6,
      "y": -9
    },
    "4 -14": {
      "name": "via",
      "x": 4,
      "y": -14
    },
    "8 -14": {
      "name": "via",
      "x": 8,
      "y": -14
    },
    "8 -15": {
      "name": "via",
      "x": 8,
      "y": -15
    },
    "25 2": {
      "name": "via",
      "x": 25,
      "y": 2
    },
    "19 2": {
      "name": "via",
      "x": 19,
      "y": 2
    },
    "19 -2": {
      "name": "via",
      "x": 19,
      "y": -2
    },
    "10 5": {
      "name": "via",
      "x": 10,
      "y": 5
    },
    "10 -2": {
      "name": "via",
      "x": 10,
      "y": -2
    },
    "17 -2": {
      "name": "via",
      "x": 17,
      "y": -2
    },
    "17 -4": {
      "name": "via",
      "x": 17,
      "y": -4
    },
    "15 -3": {
      "name": "via",
      "x": 15,
      "y": -3
    },
    "15 -8": {
      "name": "via",
      "x": 15,
      "y": -8
    },
    "28 -8": {
      "name": "via",
      "x": 28,
      "y": -8
    },
    "28 -14": {
      "name": "via",
      "x": 28,
      "y": -14
    },
    "10 -16": {
      "name": "via",
      "x": 10,
      "y": -16
    },
    "10 -10": {
      "name": "via",
      "x": 10,
      "y": -10
    },
    "19 -10": {
      "name": "via",
      "x": 19,
      "y": -10
    },
    "15 -15": {
      "name": "via",
      "x": 15,
      "y": -15
    },
    "19 -15": {
      "name": "via",
      "x": 19,
      "y": -15
    },
    "19 -16": {
      "name": "via",
      "x": 19,
      "y": -16
    },
    "26 -16": {
      "name": "via",
      "x": 26,
      "y": -16
    },
    "24 -15": {
      "name": "via",
      "x": 24,
      "y": -15
    },
    "28 -15": {
      "name": "via",
      "x": 28,
      "y": -15
    },
    "28 -21": {
      "name": "via",
      "x": 28,
      "y": -21
    },
    "37 -21": {
      "name": "via",
      "x": 37,
      "y": -21
    },
    "21 -27": {
      "name": "via",
      "x": 21,
      "y": -27
    },
    "21 -23": {
      "name": "via",
      "x": 21,
      "y": -23
    },
    "39 -23": {
      "name": "via",
      "x": 39,
      "y": -23
    },
    "35 -22": {
      "name": "via",
      "x": 35,
      "y": -22
    },
    "-48 -22": {
      "name": "via",
      "x": -48,
      "y": -22
    },
    "-48 -23": {
      "name": "via",
      "x": -48,
      "y": -23
    },
    "-53 -23": {
      "name": "via",
      "x": -53,
      "y": -23
    },
    "4 -19": {
      "name": "via",
      "x": 4,
      "y": -19
    },
    "-12 -27": {
      "name": "via",
      "x": -12,
      "y": -27
    },
    "4 -25": {
      "name": "via",
      "x": 4,
      "y": -25
    },
    "13 -25": {
      "name": "via",
      "x": 13,
      "y": -25
    },
    "13 -27": {
      "name": "via",
      "x": 13,
      "y": -27
    },
    "9 22": {
      "name": "via",
      "x": 9,
      "y": 22
    },
    "7 20": {
      "name": "via",
      "x": 7,
      "y": 20
    },
    "7 47": {
      "name": "via",
      "x": 7,
      "y": 47
    },
    "9 13": {
      "name": "via",
      "x": 9,
      "y": 13
    },
    "9 -42": {
      "name": "via",
      "x": 9,
      "y": -42
    },
    "5 14": {
      "name": "via",
      "x": 5,
      "y": 14
    },
    "10 14": {
      "name": "via",
      "x": 10,
      "y": 14
    },
    "10 13": {
      "name": "via",
      "x": 10,
      "y": 13
    },
    "18 13": {
      "name": "via",
      "x": 18,
      "y": 13
    },
    "5 21": {
      "name": "via",
      "x": 5,
      "y": 21
    },
    "5 19": {
      "name": "via",
      "x": 5,
      "y": 19
    },
    "16 19": {
      "name": "via",
      "x": 16,
      "y": 19
    },
    "16 15": {
      "name": "via",
      "x": 16,
      "y": 15
    },
    "19 24": {
      "name": "via",
      "x": 19,
      "y": 24
    },
    "14 14": {
      "name": "via",
      "x": 14,
      "y": 14
    },
    "14 32": {
      "name": "via",
      "x": 14,
      "y": 32
    },
    "13 32": {
      "name": "via",
      "x": 13,
      "y": 32
    },
    "15 34": {
      "name": "via",
      "x": 15,
      "y": 34
    },
    "15 0": {
      "name": "via",
      "x": 15,
      "y": 0
    },
    "14 0": {
      "name": "via",
      "x": 14,
      "y": 0
    },
    "14 -42": {
      "name": "via",
      "x": 14,
      "y": -42
    },
    "11 33": {
      "name": "via",
      "x": 11,
      "y": 33
    },
    "11 25": {
      "name": "via",
      "x": 11,
      "y": 25
    },
    "25 25": {
      "name": "via",
      "x": 25,
      "y": 25
    },
    "25 34": {
      "name": "via",
      "x": 25,
      "y": 34
    },
    "23 32": {
      "name": "via",
      "x": 23,
      "y": 32
    },
    "23 47": {
      "name": "via",
      "x": 23,
      "y": 47
    },
    "21 33": {
      "name": "via",
      "x": 21,
      "y": 33
    },
    "21 28": {
      "name": "via",
      "x": 21,
      "y": 28
    },
    "23 28": {
      "name": "via",
      "x": 23,
      "y": 28
    },
    "23 27": {
      "name": "via",
      "x": 23,
      "y": 27
    },
    "21 26": {
      "name": "via",
      "x": 21,
      "y": 26
    },
    "26 26": {
      "name": "via",
      "x": 26,
      "y": 26
    },
    "26 25": {
      "name": "via",
      "x": 26,
      "y": 25
    },
    "29 25": {
      "name": "via",
      "x": 29,
      "y": 25
    },
    "29 20": {
      "name": "via",
      "x": 29,
      "y": 20
    },
    "31 22": {
      "name": "via",
      "x": 31,
      "y": 22
    },
    "31 16": {
      "name": "via",
      "x": 31,
      "y": 16
    },
    "30 16": {
      "name": "via",
      "x": 30,
      "y": 16
    },
    "30 -13": {
      "name": "via",
      "x": 30,
      "y": -13
    },
    "32 -13": {
      "name": "via",
      "x": 32,
      "y": -13
    },
    "32 -42": {
      "name": "via",
      "x": 32,
      "y": -42
    },
    "27 21": {
      "name": "via",
      "x": 27,
      "y": 21
    },
    "27 13": {
      "name": "via",
      "x": 27,
      "y": 13
    },
    "35 13": {
      "name": "via",
      "x": 35,
      "y": 13
    },
    "37 21": {
      "name": "via",
      "x": 37,
      "y": 21
    },
    "37 18": {
      "name": "via",
      "x": 37,
      "y": 18
    },
    "33 18": {
      "name": "via",
      "x": 33,
      "y": 18
    },
    "33 15": {
      "name": "via",
      "x": 33,
      "y": 15
    },
    "39 20": {
      "name": "via",
      "x": 39,
      "y": 20
    },
    "39 47": {
      "name": "via",
      "x": 39,
      "y": 47
    },
    "41 22": {
      "name": "via",
      "x": 41,
      "y": 22
    },
    "31 14": {
      "name": "via",
      "x": 31,
      "y": 14
    },
    "31 8": {
      "name": "via",
      "x": 31,
      "y": 8
    },
    "44 8": {
      "name": "via",
      "x": 44,
      "y": 8
    },
    "46 -2": {
      "name": "via",
      "x": 46,
      "y": -2
    },
    "46 -42": {
      "name": "via",
      "x": 46,
      "y": -42
    },
    "39 -11": {
      "name": "via",
      "x": 39,
      "y": -11
    },
    "45 -10": {
      "name": "via",
      "x": 45,
      "y": -10
    },
    "49 -11": {
      "name": "via",
      "x": 49,
      "y": -11
    },
    "47 -9": {
      "name": "via",
      "x": 47,
      "y": -9
    },
    "47 47": {
      "name": "via",
      "x": 47,
      "y": 47
    },
    "45 -9": {
      "name": "via",
      "x": 45,
      "y": -9
    },
    "37 -9": {
      "name": "via",
      "x": 37,
      "y": -9
    },
    "42 -3": {
      "name": "via",
      "x": 42,
      "y": -3
    },
    "42 -11": {
      "name": "via",
      "x": 42,
      "y": -11
    },
    "35 -10": {
      "name": "via",
      "x": 35,
      "y": -10
    },
    "35 -4": {
      "name": "via",
      "x": 35,
      "y": -4
    },
    "33 -4": {
      "name": "via",
      "x": 33,
      "y": -4
    },
    "35 -2": {
      "name": "via",
      "x": 35,
      "y": -2
    },
    "36 -2": {
      "name": "via",
      "x": 36,
      "y": -2
    },
    "36 -42": {
      "name": "via",
      "x": 36,
      "y": -42
    },
    "39 1": {
      "name": "via",
      "x": 39,
      "y": 1
    },
    "37 3": {
      "name": "via",
      "x": 37,
      "y": 3
    },
    "37 10": {
      "name": "via",
      "x": 37,
      "y": 10
    },
    "38 10": {
      "name": "via",
      "x": 38,
      "y": 10
    },
    "38 47": {
      "name": "via",
      "x": 38,
      "y": 47
    },
    "31 -3": {
      "name": "via",
      "x": 31,
      "y": -3
    },
    "29 -3": {
      "name": "via",
      "x": 29,
      "y": -3
    },
    "29 1": {
      "name": "via",
      "x": 29,
      "y": 1
    },
    "35 2": {
      "name": "via",
      "x": 35,
      "y": 2
    },
    "35 3": {
      "name": "via",
      "x": 35,
      "y": 3
    },
    "27 3": {
      "name": "via",
      "x": 27,
      "y": 3
    },
    "15 -28": {
      "name": "via",
      "x": 15,
      "y": -28
    },
    "23 -28": {
      "name": "via",
      "x": 23,
      "y": -28
    },
    "7 -28": {
      "name": "via",
      "x": 7,
      "y": -28
    },
    "7 -36": {
      "name": "via",
      "x": 7,
      "y": -36
    },
    "0 -27": {
      "name": "via",
      "x": 0,
      "y": -27
    },
    "0 41": {
      "name": "via",
      "x": 0,
      "y": 41
    },
    "4 -27": {
      "name": "via",
      "x": 4,
      "y": -27
    },
    "4 -30": {
      "name": "via",
      "x": 4,
      "y": -30
    },
    "-8 -30": {
      "name": "via",
      "x": -8,
      "y": -30
    },
    "-81 -11": {
      "name": "via",
      "x": -81,
      "y": -11
    },
    "-31 4": {
      "name": "via",
      "x": -31,
      "y": 4
    },
    "-31 -4": {
      "name": "via",
      "x": -31,
      "y": -4
    },
    "-31 8": {
      "name": "via",
      "x": -31,
      "y": 8
    },
    "-31 27": {
      "name": "via",
      "x": -31,
      "y": 27
    },
    "-81 16": {
      "name": "via",
      "x": -81,
      "y": 16
    },
    "-75 16": {
      "name": "via",
      "x": -75,
      "y": 16
    },
    "-75 22": {
      "name": "via",
      "x": -75,
      "y": 22
    },
    "-66 26": {
      "name": "via",
      "x": -66,
      "y": 26
    },
    "-108 26": {
      "name": "via",
      "x": -108,
      "y": 26
    },
    "-31 -22": {
      "name": "via",
      "x": -31,
      "y": -22
    },
    "-31 -16": {
      "name": "via",
      "x": -31,
      "y": -16
    },
    "-63 22": {
      "name": "via",
      "x": -63,
      "y": 22
    },
    "-63 16": {
      "name": "via",
      "x": -63,
      "y": 16
    },
    "-41 16": {
      "name": "via",
      "x": -41,
      "y": 16
    },
    "-41 -22": {
      "name": "via",
      "x": -41,
      "y": -22
    },
    "-77 -23": {
      "name": "via",
      "x": -77,
      "y": -23
    },
    "-71 -23": {
      "name": "via",
      "x": -71,
      "y": -23
    },
    "-71 -22": {
      "name": "via",
      "x": -71,
      "y": -22
    },
    "-67 -23": {
      "name": "via",
      "x": -67,
      "y": -23
    },
    "-57 -23": {
      "name": "via",
      "x": -57,
      "y": -23
    },
    "-57 -22": {
      "name": "via",
      "x": -57,
      "y": -22
    },
    "-85 -10": {
      "name": "via",
      "x": -85,
      "y": -10
    },
    "-85 -13": {
      "name": "via",
      "x": -85,
      "y": -13
    },
    "-79 -13": {
      "name": "via",
      "x": -79,
      "y": -13
    },
    "-79 -21": {
      "name": "via",
      "x": -79,
      "y": -21
    },
    "-81 -22": {
      "name": "via",
      "x": -81,
      "y": -22
    },
    "-78 -22": {
      "name": "via",
      "x": -78,
      "y": -22
    },
    "-78 -16": {
      "name": "via",
      "x": -78,
      "y": -16
    },
    "-78 33": {
      "name": "via",
      "x": -78,
      "y": 33
    },
    "-79 33": {
      "name": "via",
      "x": -79,
      "y": 33
    },
    "-79 27": {
      "name": "via",
      "x": -79,
      "y": 27
    },
    "-79 21": {
      "name": "via",
      "x": -79,
      "y": 21
    },
    "-76 21": {
      "name": "via",
      "x": -76,
      "y": 21
    },
    "-76 32": {
      "name": "via",
      "x": -76,
      "y": 32
    },
    "-67 21": {
      "name": "via",
      "x": -67,
      "y": 21
    },
    "-69 21": {
      "name": "via",
      "x": -69,
      "y": 21
    },
    "-69 34": {
      "name": "via",
      "x": -69,
      "y": 34
    },
    "-74 34": {
      "name": "via",
      "x": -74,
      "y": 34
    }
  }
}