{
  "cells": [
    {
      "t": "mux2",
      "x": -81,
      "y": -24
    },
    {
      "t": "mux2",
      "x": -71,
      "y": -24
    },
    {
      "t": "mux2",
      "x": -85,
      "y": -12
    },
    {
      "t": "mux2",
      "x": -72,
      "y": -12
    },
    {
      "t": "mux2",
      "x": -57,
      "y": -24
    },
    {
      "t": "mux2",
      "x": -59,
      "y": -12
    },
    {
      "t": "mux2",
      "x": -79,
      "y": 18
    },
    {
      "t": "mux2",
      "x": -78,
      "y": 30
    },
    {
      "t": "mux2",
      "x": -67,
      "y": 18
    },
    {
      "t": "mux2",
      "x": -66,
      "y": 30
    },
    {
      "t": "mux2",
      "x": -59,
      "y": 24
    },
    {
      "t": "mux2",
      "x": -28,
      "y": 18
    },
    {
      "t": "mux2",
      "x": -28,
      "y": 30
    },
    {
      "t": "mux2",
      "x": -15,
      "y": 30
    },
    {
      "t": "mux2",
      "x": -14,
      "y": 6
    },
    {
      "t": "mux2",
      "x": -16,
      "y": 18
    },
    {
      "t": "mux2",
      "x": -10,
      "y": 12
    },
    {
      "t": "mux2",
      "x": -8,
      "y": 24
    },
    {
      "t": "mux2",
      "x": -13,
      "y": -6
    },
    {
      "t": "mux2",
      "x": -10,
      "y": -18
    },
    {
      "t": "xor2",
      "x": -13,
      "y": -30
    },
    {
      "t": "fa",
      "x": 0,
      "y": -30
    },
    {
      "t": "and2",
      "x": 6,
      "y": -18
    },
    {
      "t": "or2",
      "x": 6,
      "y": -12
    },
    {
      "t": "xor2",
      "x": 5,
      "y": 0
    },
    {
      "t": "mux2",
      "x": 5,
      "y": 12
    },
    {
      "t": "mux2",
      "x": 5,
      "y": 18
    },
    {
      "t": "mux2",
      "x": 14,
      "y": 12
    },
    {
      "t": "mux2",
      "x": 11,
      "y": 30
    },
    {
      "t": "mux2",
      "x": 21,
      "y": 30
    },
    {
      "t": "mux2",
      "x": 21,
      "y": 24
    },
    {
      "t": "mux2",
      "x": 27,
      "y": 18
    },
    {
      "t": "mux2",
      "x": 31,
      "y": 12
    },
    {
      "t": "mux2",
      "x": 37,
      "y": 18
    },
    {
      "t": "mux2",
      "x": 31,
      "y": -6
    },
    {
      "t": "mux2",
      "x": 25,
      "y": 0
    },
    {
      "t": "mux2",
      "x": 35,
      "y": 0
    },
    {
      "t": "mux2",
      "x": 42,
      "y": -6
    },
    {
      "t": "mux2",
      "x": 45,
      "y": -12
    },
    {
      "t": "mux2",
      "x": 35,
      "y": -12
    },
    {
      "t": "mux2",
      "x": 15,
      "y": -6
    },
    {
      "t": "mux2",
      "x": 15,
      "y": -18
    },
    {
      "t": "mux2",
      "x": 24,
      "y": -18
    },
    {
      "t": "mux2",
      "x": 21,
      "y": -30
    },
    {
      "t": "mux2",
      "x": 35,
      "y": -24
    },
    {
      "t": "sdfrtp",
      "x": -90,
      "y": 24
    },
    {
      "t": "sdfrtp",
      "x": -81,
      "y": -18
    },
    {
      "t": "sdfrtp",
      "x": -45,
      "y": -18
    },
    {
      "t": "sdfrtp",
      "x": -45,
      "y": -6
    },
    {
      "t": "sdfrtp",
      "x": -45,
      "y": 6
    },
    {
      "t": "sdfrtp",
      "x": -45,
      "y": 24
    }
  ],
  "horizontal": [
    {
      "x1": -18,
      "y1": -15,
      "x2": -15,
      "y2": -15
    },
    {
      "x1": -15,
      "y1": -16,
      "x2": -8,
      "y2": -16
    },
    {
      "x1": -13,
      "y1": -13,
      "x2": -6,
      "y2": -13
    },
    {
      "x1": -10,
      "y1": -15,
      "x2": -5,
      "y2": -15
    },
    {
      "x1": -5,
      "y1": -14,
      "x2": 2,
      "y2": -14
    },
    {
      "x1": 2,
      "y1": -15,
      "x2": 6,
      "y2": -15
    },
    {
      "x1": 8,
      "y1": -10,
      "x2": 2,
      "y2": -10
    },
    {
      "x1": 2,
      "y1": 3,
      "x2": 7,
      "y2": 3
    },
    {
      "x1": 2,
      "y1": 15,
      "x2": 7,
      "y2": 15
    },
    {
      "x1": 2,
      "y1": -23,
      "x2": -11,
      "y2": -23
    },
    {
      "x1": -11,
      "y1": -4,
      "x2": -18,
      "y2": -4
    },
    {
      "x1": -18,
      "y1": 8,
      "x2": -12,
      "y2": 8
    },
    {
      "x1": -14,
      "y1": 12,
      "x2": -2,
      "y2": 12
    },
    {
      "x1": -2,
      "y1": 22,
      "x2": -4,
      "y2": 22
    },
    {
      "x1": -8,
      "y1": 24,
      "x2": 4,
      "y2": 24
    },
    {
      "x1": 4,
      "y1": 24,
      "x2": 4,
      "y2": 24
    },
    {
      "x1": 4,
      "y1": 2,
      "x2": 6,
      "y2": 2
    },
    {
      "x1": 6,
      "y1": 2,
      "x2": 4,
      "y2": 2
    },
    {
      "x1": 4,
      "y1": -9,
      "x2": 6,
      "y2": -9
    },
    {
      "x1": 6,
      "y1": -9,
      "x2": 4,
      "y2": -9
    },
    {
      "x1": 4,
      "y1": -14,
      "x2": 8,
      "y2": -14
    },
    {
      "x1": 25,
      "y1": 2,
      "x2": 19,
      "y2": 2
    },
    {
      "x1": 10,
      "y1": -2,
      "x2": 17,
      "y2": -2
    },
    {
      "x1": 15,
      "y1": -8,
      "x2": 28,
      "y2": -8
    },
    {
      "x1": 10,
      "y1": -16,
      "x2": 17,
      "y2": -16
    },
    {
      "x1": 10,
      "y1": -10,
      "x2": 19,
      "y2": -10
    },
    {
      "x1": 15,
      "y1": -15,
      "x2": 19,
      "y2": -15
    },
    {
      "x1": 19,
      "y1": -16,
      "x2": 26,
      "y2": -16
    },
    {
      "x1": 24,
      "y1": -15,
      "x2": 28,
      "y2": -15
    },
    {
      "x1": 28,
      "y1": -21,
      "x2": 37,
      "y2": -21
    },
    {
      "x1": 21,
      "y1": -23,
      "x2": 39,
      "y2": -23
    },
    {
      "x1": 35,
      "y1": -22,
      "x2": -48,
      "y2": -22
    },
    {
      "x1": -48,
      "y1": -23,
      "x2": -53,
      "y2": -23
    },
    {
      "x1": 4,
      "y1": -25,
      "x2": 13,
      "y2": -25
    },
    {
      "x1": 5,
      "y1": 14,
      "x2": 10,
      "y2": 14
    },
    {
      "x1": 10,
      "y1": 13,
      "x2": 18,
      "y2": 13
    },
    {
      "x1": 5,
      "y1": 19,
      "x2": 16,
      "y2": 19
    },
    {
      "x1": 4,
      "y1": 24,
      "x2": 17,
      "y2": 24
    },
    {
      "x1": 17,
      "y1": 24,
      "x2": 19,
      "y2": 24
    },
    {
      "x1": 14,
      "y1": 32,
      "x2": 13,
      "y2": 32
    },
    {
      "x1": 14,
      "y1": 0,
      "x2": 15,
      "y2": 0
    },
    {
      "x1": 11,
      "y1": 25,
      "x2": 25,
      "y2": 25
    },
    {
      "x1": 21,
      "y1": 28,
      "x2": 23,
      "y2": 28
    },
    {
      "x1": 21,
      "y1": 26,
      "x2": 26,
      "y2": 26
    },
    {
      "x1": 26,
      "y1": 25,
      "x2": 29,
      "y2": 25
    },
    {
      "x1": 31,
      "y1": 16,
      "x2": 30,
      "y2": 16
    },
    {
      "x1": 30,
      "y1": -13,
      "x2": 30,
      "y2": -13
    },
    {
      "x1": 30,
      "y1": -13,
      "x2": 32,
      "y2": -13
    },
    {
      "x1": 27,
      "y1": 13,
      "x2": 35,
      "y2": 13
    },
    {
      "x1": 37,
      "y1": 18,
      "x2": 33,
      "y2": 18
    },
    {
      "x1": 31,
      "y1": 8,
      "x2": 44,
      "y2": 8
    },
    {
      "x1": 47,
      "y1": 47,
      "x2": 47,
      "y2": 47
    },
    {
      "x1": 45,
      "y1": -9,
      "x2": 37,
      "y2": -9
    },
    {
      "x1": 37,
      "y1": -9,
      "x2": 37,
      "y2": -9
    },
    {
      "x1": 42,
      "y1": -11,
      "x2": 39,
      "y2": -11
    },
    {
      "x1": 35,
      "y1": -4,
      "x2": 33,
      "y2": -4
    },
    {
      "x1": 35,
      "y1": -2,
      "x2": 36,
      "y2": -2
    },
    {
      "x1": 37,
      "y1": 10,
      "x2": 38,
      "y2": 10
    },
    {
      "x1": 31,
      "y1": -3,
      "x2": 29,
      "y2": -3
    },
    {
      "x1": 35,
      "y1": 3,
      "x2": 27,
      "y2": 3
    },
    {
      "x1": 15,
      "y1": -28,
      "x2": 23,
      "y2": -28
    },
    {
      "x1": 4,
      "y1": -30,
      "x2": -8,
      "y2": -30
    },
    {
      "x1": -81,
      "y1": 16,
      "x2": -75,
      "y2": 16
    },
    {
      "x1": -63,
      "y1": 16,
      "x2": -41,
      "y2": 16
    },
    {
      "x1": -77,
      "y1": -23,
      "x2": -71,
      "y2": -23
    },
    {
      "x1": -67,
      "y1": -23,
      "x2": -57,
      "y2": -23
    },
    {
      "x1": -79,
      "y1": 21,
      "x2": -76,
      "y2": 21
    },
    {
      "x1": -69,
      "y1": 34,
      "x2": -74,
      "y2": 34
    },
    {
      "x1": -65,
      "y1": -16,
      "x2": -54,
      "y2": -16
    },
    {
      "x1": -57,
      "y1": -17,
      "x2": -84,
      "y2": -17
    },
    {
      "x1": -85,
      "y1": -21,
      "x2": -79,
      "y2": -21
    },
    {
      "x1": -69,
      "y1": -14,
      "x2": -73,
      "y2": -14
    },
    {
      "x1": -73,
      "y1": 14,
      "x2": -71,
      "y2": 14
    },
    {
      "x1": -71,
      "y1": 25,
      "x2": -78,
      "y2": 25
    },
    {
      "x1": -73,
      "y1": -3,
      "x2": -86,
      "y2": -3
    },
    {
      "x1": -57,
      "y1": -17,
      "x2": -21,
      "y2": -17
    },
    {
      "x1": -42,
      "y1": -14,
      "x2": -68,
      "y2": -14
    },
    {
      "x1": -68,
      "y1": -16,
      "x2": -78,
      "y2": -16
    },
    {
      "x1": -81,
      "y1": -15,
      "x2": -79,
      "y2": -15
    },
    {
      "x1": -54,
      "y1": -16,
      "x2": -46,
      "y2": -16
    },
    {
      "x1": -46,
      "y1": -13,
      "x2": -39,
      "y2": -13
    },
    {
      "x1": -18,
      "y1": -16,
      "x2": -38,
      "y2": -16
    },
    {
      "x1": -38,
      "y1": -3,
      "x2": -39,
      "y2": -3
    },
    {
      "x1": -81,
      "y1": 4,
      "x2": -43,
      "y2": 4
    },
    {
      "x1": -75,
      "y1": -15,
      "x2": -73,
      "y2": -15
    },
    {
      "x1": -18,
      "y1": -4,
      "x2": -37,
      "y2": -4
    },
    {
      "x1": -37,
      "y1": 8,
      "x2": -39,
      "y2": 8
    },
    {
      "x1": -18,
      "y1": 8,
      "x2": -36,
      "y2": 8
    },
    {
      "x1": -36,
      "y1": 25,
      "x2": -39,
      "y2": 25
    },
    {
      "x1": -73,
      "y1": -6,
      "x2": -33,
      "y2": -6
    },
    {
      "x1": -18,
      "y1": 29,
      "x2": -84,
      "y2": 29
    },
    {
      "x1": -84,
      "y1": 22,
      "x2": -82,
      "y2": 22
    },
    {
      "x1": -82,
      "y1": 26,
      "x2": -66,
      "y2": 26
    },
    {
      "x1": -78,
      "y1": 33,
      "x2": -88,
      "y2": 33
    },
    {
      "x1": -87,
      "y1": -16,
      "x2": -78,
      "y2": -16
    },
    {
      "x1": -83,
      "y1": -9,
      "x2": -72,
      "y2": -9
    },
    {
      "x1": -70,
      "y1": -9,
      "x2": -59,
      "y2": -9
    },
    {
      "x1": -79,
      "y1": -10,
      "x2": -76,
      "y2": -10
    },
    {
      "x1": -66,
      "y1": -10,
      "x2": -64,
      "y2": -10
    },
    {
      "x1": -53,
      "y1": -10,
      "x2": -50,
      "y2": -10
    },
    {
      "x1": -22,
      "y1": 21,
      "x2": -20,
      "y2": 21
    },
    {
      "x1": -4,
      "y1": 14,
      "x2": -3,
      "y2": 14
    },
    {
      "x1": -8,
      "y1": 9,
      "x2": -7,
      "y2": 9
    },
    {
      "x1": 21,
      "y1": -15,
      "x2": 20,
      "y2": -15
    },
    {
      "x1": -63,
      "y1": 28,
      "x2": -93,
      "y2": 28
    },
    {
      "x1": -81,
      "y1": 4,
      "x2": -95,
      "y2": 4
    },
    {
      "x1": -97,
      "y1": -18,
      "x2": -65,
      "y2": -18
    },
    {
      "x1": 27,
      "y1": 26,
      "x2": 28,
      "y2": 26
    },
    {
      "x1": 37,
      "y1": 14,
      "x2": 36,
      "y2": 14
    },
    {
      "x1": 41,
      "y1": -10,
      "x2": 43,
      "y2": -10
    },
    {
      "x1": 37,
      "y1": -3,
      "x2": 40,
      "y2": -3
    },
    {
      "x1": 41,
      "y1": 2,
      "x2": 43,
      "y2": 2
    },
    {
      "x1": 43,
      "y1": -9,
      "x2": 44,
      "y2": -9
    },
    {
      "x1": 43,
      "y1": -8,
      "x2": 44,
      "y2": -8
    },
    {
      "x1": 31,
      "y1": 2,
      "x2": 32,
      "y2": 2
    },
    {
      "x1": 32,
      "y1": -12,
      "x2": 33,
      "y2": -12
    },
    {
      "x1": 21,
      "y1": -3,
      "x2": 22,
      "y2": -3
    },
    {
      "x1": 11,
      "y1": 23,
      "x2": 10,
      "y2": 23
    },
    {
      "x1": 11,
      "y1": 14,
      "x2": 12,
      "y2": 14
    },
    {
      "x1": -6,
      "y1": 27,
      "x2": -16,
      "y2": 27
    },
    {
      "x1": -14,
      "y1": 29,
      "x2": -15,
      "y2": 29
    },
    {
      "x1": -13,
      "y1": 31,
      "x2": -28,
      "y2": 31
    },
    {
      "x1": -11,
      "y1": 34,
      "x2": -19,
      "y2": 34
    },
    {
      "x1": -19,
      "y1": 23,
      "x2": -28,
      "y2": 23
    },
    {
      "x1": -59,
      "y1": 20,
      "x2": -65,
      "y2": 20
    },
    {
      "x1": -68,
      "y1": 20,
      "x2": -77,
      "y2": 20
    },
    {
      "x1": -69,
      "y1": 33,
      "x2": -66,
      "y2": 33
    },
    {
      "x1": -68,
      "y1": 20,
      "x2": -67,
      "y2": 20
    },
    {
      "x1": -26,
      "y1": 20,
      "x2": -29,
      "y2": 20
    },
    {
      "x1": -24,
      "y1": 22,
      "x2": -23,
      "y2": 22
    },
    {
      "x1": -12,
      "y1": 14,
      "x2": -10,
      "y2": 14
    },
    {
      "x1": -8,
      "y1": 15,
      "x2": -11,
      "y2": 15
    },
    {
      "x1": -11,
      "y1": 29,
      "x2": -12,
      "y2": 29
    },
    {
      "x1": -6,
      "y1": 20,
      "x2": -5,
      "y2": 20
    },
    {
      "x1": -57,
      "y1": -12,
      "x2": -58,
      "y2": -12
    },
    {
      "x1": -55,
      "y1": -11,
      "x2": -56,
      "y2": -11
    },
    {
      "x1": -68,
      "y1": -11,
      "x2": -70,
      "y2": -11
    }
  ],
  "vertical": [
    {
      "x1": -84,
      "y1": -16,
      "x2": -84,
      "y2": -36
    },
    {
      "x1": -15,
      "y1": -15,
      "x2": -15,
      "y2": -16
    },
    {
      "x1": -84,
      "y1": -16,
      "x2": -84,
      "y2": 22
    },
    {
      "x1": -13,
      "y1": -3,
      "x2": -13,
      "y2": -13
    },
    {
      "x1": -6,
      "y1": -13,
      "x2": -6,
      "y2": -14
    },
    {
      "x1": -5,
      "y1": -15,
      "x2": -5,
      "y2": -14
    },
    {
      "x1": 2,
      "y1": -14,
      "x2": 2,
      "y2": -15
    },
    {
      "x1": 8,
      "y1": -9,
      "x2": 8,
      "y2": -10
    },
    {
      "x1": 2,
      "y1": -10,
      "x2": 2,
      "y2": -14
    },
    {
      "x1": 2,
      "y1": -10,
      "x2": 2,
      "y2": 3
    },
    {
      "x1": 2,
      "y1": 3,
      "x2": 2,
      "y2": 15
    },
    {
      "x1": 2,
      "y1": -15,
      "x2": 2,
      "y2": -23
    },
    {
      "x1": -11,
      "y1": -23,
      "x2": -11,
      "y2": -28
    },
    {
      "x1": -9,
      "y1": -2,
      "x2": -9,
      "y2": -6
    },
    {
      "x1": -10,
      "y1": 10,
      "x2": -10,
      "y2": 6
    },
    {
      "x1": -14,
      "y1": 9,
      "x2": -14,
      "y2": 12
    },
    {
      "x1": -2,
      "y1": 12,
      "x2": -2,
      "y2": 22
    },
    {
      "x1": -4,
      "y1": 22,
      "x2": -4,
      "y2": 25
    },
    {
      "x1": -8,
      "y1": 26,
      "x2": -8,
      "y2": 24
    },
    {
      "x1": 4,
      "y1": 24,
      "x2": 4,
      "y2": 2
    },
    {
      "x1": 4,
      "y1": 2,
      "x2": 4,
      "y2": -9
    },
    {
      "x1": 4,
      "y1": -9,
      "x2": 4,
      "y2": -14
    },
    {
      "x1": 8,
      "y1": -14,
      "x2": 8,
      "y2": -15
    },
    {
      "x1": 19,
      "y1": 2,
      "x2": 19,
      "y2": -2
    },
    {
      "x1": 10,
      "y1": 5,
      "x2": 10,
      "y2": -2
    },
    {
      "x1": 17,
      "y1": -2,
      "x2": 17,
      "y2": -4
    },
    {
      "x1": 15,
      "y1": -3,
      "x2": 15,
      "y2": -8
    },
    {
      "x1": 28,
      "y1": -8,
      "x2": 28,
      "y2": -14
    },
    {
      "x1": 19,
      "y1": -10,
      "x2": 19,
      "y2": -14
    },
    {
      "x1": 19,
      "y1": -15,
      "x2": 19,
      "y2": -16
    },
    {
      "x1": 28,
      "y1": -15,
      "x2": 28,
      "y2": -21
    },
    {
      "x1": 21,
      "y1": -27,
      "x2": 21,
      "y2": -23
    },
    {
      "x1": -48,
      "y1": -22,
      "x2": -48,
      "y2": -23
    },
    {
      "x1": 4,
      "y1": -14,
      "x2": 4,
      "y2": -19
    },
    {
      "x1": 4,
      "y1": -19,
      "x2": 4,
      "y2": -25
    },
    {
      "x1": 13,
      "y1": -25,
      "x2": 13,
      "y2": -27
    },
    {
      "x1": 9,
      "y1": 22,
      "x2": 9,
      "y2": 18
    },
    {
      "x1": 7,
      "y1": 20,
      "x2": 7,
      "y2": 47
    },
    {
      "x1": 9,
      "y1": 13,
      "x2": 9,
      "y2": -42
    },
    {
      "x1": 10,
      "y1": 14,
      "x2": 10,
      "y2": 13
    },
    {
      "x1": 5,
      "y1": 21,
      "x2": 5,
      "y2": 19
    },
    {
      "x1": 16,
      "y1": 19,
      "x2": 16,
      "y2": 15
    },
    {
      "x1": 14,
      "y1": 14,
      "x2": 14,
      "y2": 32
    },
    {
      "x1": 15,
      "y1": 34,
      "x2": 15,
      "y2": 0
    },
    {
      "x1": 14,
      "y1": 0,
      "x2": 14,
      "y2": -42
    },
    {
      "x1": 11,
      "y1": 33,
      "x2": 11,
      "y2": 25
    },
    {
      "x1": 25,
      "y1": 34,
      "x2": 25,
      "y2": 30
    },
    {
      "x1": 23,
      "y1": 32,
      "x2": 23,
      "y2": 47
    },
    {
      "x1": 21,
      "y1": 33,
      "x2": 21,
      "y2": 28
    },
    {
      "x1": 23,
      "y1": 28,
      "x2": 23,
      "y2": 27
    },
    {
      "x1": 26,
      "y1": 26,
      "x2": 26,
      "y2": 25
    },
    {
      "x1": 29,
      "y1": 25,
      "x2": 29,
      "y2": 20
    },
    {
      "x1": 31,
      "y1": 22,
      "x2": 31,
      "y2": 16
    },
    {
      "x1": 30,
      "y1": 16,
      "x2": 30,
      "y2": -13
    },
    {
      "x1": 32,
      "y1": -13,
      "x2": 32,
      "y2": -42
    },
    {
      "x1": 27,
      "y1": 21,
      "x2": 27,
      "y2": 13
    },
    {
      "x1": 37,
      "y1": 21,
      "x2": 37,
      "y2": 18
    },
    {
      "x1": 33,
      "y1": 18,
      "x2": 33,
      "y2": 15
    },
    {
      "x1": 39,
      "y1": 20,
      "x2": 39,
      "y2": 47
    },
    {
      "x1": 41,
      "y1": 22,
      "x2": 41,
      "y2": 18
    },
    {
      "x1": 31,
      "y1": 14,
      "x2": 31,
      "y2": 8
    },
    {
      "x1": 44,
      "y1": 8,
      "x2": 44,
      "y2": -4
    },
    {
      "x1": 46,
      "y1": -2,
      "x2": 46,
      "y2": -42
    },
    {
      "x1": 49,
      "y1": -11,
      "x2": 49,
      "y2": -7
    },
    {
      "x1": 47,
      "y1": -9,
      "x2": 47,
      "y2": 47
    },
    {
      "x1": 45,
      "y1": -10,
      "x2": 45,
      "y2": -9
    },
    {
      "x1": 42,
      "y1": -3,
      "x2": 42,
      "y2": -11
    },
    {
      "x1": 35,
      "y1": -10,
      "x2": 35,
      "y2": -4
    },
    {
      "x1": 36,
      "y1": -2,
      "x2": 36,
      "y2": -42
    },
    {
      "x1": 39,
      "y1": 1,
      "x2": 39,
      "y2": 5
    },
    {
      "x1": 37,
      "y1": 3,
      "x2": 37,
      "y2": 10
    },
    {
      "x1": 38,
      "y1": 10,
      "x2": 38,
      "y2": 47
    },
    {
      "x1": 29,
      "y1": -3,
      "x2": 29,
      "y2": 1
    },
    {
      "x1": 35,
      "y1": 2,
      "x2": 35,
      "y2": 3
    },
    {
      "x1": 7,
      "y1": -28,
      "x2": 7,
      "y2": -36
    },
    {
      "x1": 0,
      "y1": -27,
      "x2": 0,
      "y2": 41
    },
    {
      "x1": 4,
      "y1": -27,
      "x2": 4,
      "y2": -30
    },
    {
      "x1": -81,
      "y1": 4,
      "x2": -81,
      "y2": -11
    },
    {
      "x1": -81,
      "y1": 4,
      "x2": -81,
      "y2": 16
    },
    {
      "x1": -75,
      "y1": 16,
      "x2": -75,
      "y2": 22
    },
    {
      "x1": -63,
      "y1": 22,
      "x2": -63,
      "y2": 16
    },
    {
      "x1": -41,
      "y1": 16,
      "x2": -41,
      "y2": -22
    },
    {
      "x1": -71,
      "y1": -23,
      "x2": -71,
      "y2": -22
    },
    {
      "x1": -57,
      "y1": -23,
      "x2": -57,
      "y2": -22
    },
    {
      "x1": -76,
      "y1": 21,
      "x2": -76,
      "y2": 32
    },
    {
      "x1": -57,
      "y1": -15,
      "x2": -57,
      "y2": -17
    },
    {
      "x1": -65,
      "y1": -16,
      "x2": -65,
      "y2": -18
    },
    {
      "x1": -85,
      "y1": -10,
      "x2": -85,
      "y2": -21
    },
    {
      "x1": -73,
      "y1": -14,
      "x2": -73,
      "y2": 14
    },
    {
      "x1": -71,
      "y1": 14,
      "x2": -71,
      "y2": 25
    },
    {
      "x1": -86,
      "y1": -3,
      "x2": -86,
      "y2": -36
    },
    {
      "x1": -21,
      "y1": -17,
      "x2": -21,
      "y2": -15
    },
    {
      "x1": -21,
      "y1": -15,
      "x2": -21,
      "y2": -3
    },
    {
      "x1": -21,
      "y1": -3,
      "x2": -21,
      "y2": 9
    },
    {
      "x1": -21,
      "y1": 9,
      "x2": -21,
      "y2": 26
    },
    {
      "x1": -43,
      "y1": -15,
      "x2": -43,
      "y2": -22
    },
    {
      "x1": -42,
      "y1": 27,
      "x2": -42,
      "y2": 8
    },
    {
      "x1": -42,
      "y1": 8,
      "x2": -42,
      "y2": -4
    },
    {
      "x1": -42,
      "y1": -4,
      "x2": -42,
      "y2": -16
    },
    {
      "x1": -42,
      "y1": -16,
      "x2": -42,
      "y2": -14
    },
    {
      "x1": -68,
      "y1": -14,
      "x2": -68,
      "y2": -16
    },
    {
      "x1": -81,
      "y1": -22,
      "x2": -81,
      "y2": -15
    },
    {
      "x1": -46,
      "y1": -16,
      "x2": -46,
      "y2": -13
    },
    {
      "x1": -39,
      "y1": -13,
      "x2": -39,
      "y2": -15
    },
    {
      "x1": -38,
      "y1": -16,
      "x2": -38,
      "y2": -3
    },
    {
      "x1": -43,
      "y1": 4,
      "x2": -43,
      "y2": -3
    },
    {
      "x1": -43,
      "y1": -3,
      "x2": -43,
      "y2": 9
    },
    {
      "x1": -43,
      "y1": 9,
      "x2": -43,
      "y2": 26
    },
    {
      "x1": -78,
      "y1": -16,
      "x2": -78,
      "y2": -36
    },
    {
      "x1": -73,
      "y1": -15,
      "x2": -73,
      "y2": -36
    },
    {
      "x1": -37,
      "y1": -4,
      "x2": -37,
      "y2": 8
    },
    {
      "x1": -39,
      "y1": 8,
      "x2": -39,
      "y2": 9
    },
    {
      "x1": -36,
      "y1": 8,
      "x2": -36,
      "y2": 25
    },
    {
      "x1": -39,
      "y1": 25,
      "x2": -39,
      "y2": 26
    },
    {
      "x1": -33,
      "y1": 25,
      "x2": -33,
      "y2": 10
    },
    {
      "x1": -33,
      "y1": 10,
      "x2": -33,
      "y2": -2
    },
    {
      "x1": -33,
      "y1": -2,
      "x2": -33,
      "y2": -14
    },
    {
      "x1": -33,
      "y1": -14,
      "x2": -33,
      "y2": -13
    },
    {
      "x1": -18,
      "y1": 27,
      "x2": -18,
      "y2": 29
    },
    {
      "x1": -63,
      "y1": 27,
      "x2": -63,
      "y2": 28
    },
    {
      "x1": -82,
      "y1": 22,
      "x2": -82,
      "y2": 26
    },
    {
      "x1": -88,
      "y1": 33,
      "x2": -88,
      "y2": 26
    },
    {
      "x1": -84,
      "y1": 29,
      "x2": -84,
      "y2": 26
    },
    {
      "x1": -87,
      "y1": 27,
      "x2": -87,
      "y2": -16
    },
    {
      "x1": -93,
      "y1": 28,
      "x2": -93,
      "y2": -36
    },
    {
      "x1": -72,
      "y1": -9,
      "x2": -72,
      "y2": -10
    },
    {
      "x1": -59,
      "y1": -9,
      "x2": -59,
      "y2": -10
    },
    {
      "x1": -76,
      "y1": -10,
      "x2": -76,
      "y2": -36
    },
    {
      "x1": -75,
      "y1": -22,
      "x2": -75,
      "y2": -36
    },
    {
      "x1": -65,
      "y1": -22,
      "x2": -65,
      "y2": -36
    },
    {
      "x1": -64,
      "y1": -10,
      "x2": -64,
      "y2": -36
    },
    {
      "x1": -50,
      "y1": -10,
      "x2": -50,
      "y2": -36
    },
    {
      "x1": -72,
      "y1": 33,
      "x2": -72,
      "y2": 47
    },
    {
      "x1": -73,
      "y1": 21,
      "x2": -73,
      "y2": 47
    },
    {
      "x1": -60,
      "y1": 33,
      "x2": -60,
      "y2": 47
    },
    {
      "x1": -61,
      "y1": 22,
      "x2": -61,
      "y2": 47
    },
    {
      "x1": -53,
      "y1": 26,
      "x2": -53,
      "y2": 47
    },
    {
      "x1": -22,
      "y1": 33,
      "x2": -22,
      "y2": 47
    },
    {
      "x1": -9,
      "y1": 33,
      "x2": -9,
      "y2": 47
    },
    {
      "x1": -20,
      "y1": 21,
      "x2": -20,
      "y2": 47
    },
    {
      "x1": -10,
      "y1": 21,
      "x2": -10,
      "y2": 47
    },
    {
      "x1": -2,
      "y1": 26,
      "x2": -2,
      "y2": 47
    },
    {
      "x1": -3,
      "y1": 14,
      "x2": -3,
      "y2": 47
    },
    {
      "x1": -7,
      "y1": 9,
      "x2": -7,
      "y2": 47
    },
    {
      "x1": -4,
      "y1": -15,
      "x2": -4,
      "y2": -42
    },
    {
      "x1": 7,
      "y1": -37,
      "x2": 7,
      "y2": -42
    },
    {
      "x1": 7,
      "y1": -42,
      "x2": 7,
      "y2": -36
    },
    {
      "x1": -12,
      "y1": -27,
      "x2": -12,
      "y2": -42
    },
    {
      "x1": -7,
      "y1": -3,
      "x2": -7,
      "y2": -42
    },
    {
      "x1": 27,
      "y1": -27,
      "x2": 27,
      "y2": -42
    },
    {
      "x1": 41,
      "y1": -22,
      "x2": 41,
      "y2": -42
    },
    {
      "x1": 30,
      "y1": -15,
      "x2": 30,
      "y2": -42
    },
    {
      "x1": 20,
      "y1": -15,
      "x2": 20,
      "y2": -42
    },
    {
      "x1": -93,
      "y1": 28,
      "x2": -93,
      "y2": 47
    },
    {
      "x1": -95,
      "y1": 4,
      "x2": -95,
      "y2": 47
    },
    {
      "x1": -97,
      "y1": -18,
      "x2": -97,
      "y2": 47
    },
    {
      "x1": 17,
      "y1": 33,
      "x2": 17,
      "y2": 47
    },
    {
      "x1": 27,
      "y1": 33,
      "x2": 27,
      "y2": 47
    },
    {
      "x1": 28,
      "y1": 26,
      "x2": 28,
      "y2": 47
    },
    {
      "x1": 33,
      "y1": 21,
      "x2": 33,
      "y2": 47
    },
    {
      "x1": 36,
      "y1": 14,
      "x2": 36,
      "y2": 47
    },
    {
      "x1": 43,
      "y1": 21,
      "x2": 43,
      "y2": 47
    },
    {
      "x1": 48,
      "y1": -3,
      "x2": 48,
      "y2": 47
    },
    {
      "x1": 51,
      "y1": -10,
      "x2": 51,
      "y2": -42
    },
    {
      "x1": 43,
      "y1": -10,
      "x2": 43,
      "y2": -42
    },
    {
      "x1": 40,
      "y1": -3,
      "x2": 40,
      "y2": -42
    },
    {
      "x1": 43,
      "y1": 2,
      "x2": 43,
      "y2": -8
    },
    {
      "x1": 44,
      "y1": -8,
      "x2": 44,
      "y2": -42
    },
    {
      "x1": 32,
      "y1": 2,
      "x2": 32,
      "y2": -12
    },
    {
      "x1": 33,
      "y1": -12,
      "x2": 33,
      "y2": -42
    },
    {
      "x1": 22,
      "y1": -3,
      "x2": 22,
      "y2": -42
    },
    {
      "x1": 11,
      "y1": 21,
      "x2": 11,
      "y2": 23
    },
    {
      "x1": 10,
      "y1": 23,
      "x2": 10,
      "y2": 47
    },
    {
      "x1": 20,
      "y1": 14,
      "x2": 20,
      "y2": 47
    },
    {
      "x1": 12,
      "y1": 14,
      "x2": 12,
      "y2": 47
    },
    {
      "x1": -16,
      "y1": 27,
      "x2": -16,
      "y2": 21
    },
    {
      "x1": -14,
      "y1": 20,
      "x2": -14,
      "y2": 29
    },
    {
      "x1": -15,
      "y1": 29,
      "x2": -15,
      "y2": 33
    },
    {
      "x1": -13,
      "y1": 32,
      "x2": -13,
      "y2": 31
    },
    {
      "x1": -28,
      "y1": 31,
      "x2": -28,
      "y2": 33
    },
    {
      "x1": -19,
      "y1": 34,
      "x2": -19,
      "y2": 23
    },
    {
      "x1": -28,
      "y1": 23,
      "x2": -28,
      "y2": 21
    },
    {
      "x1": -59,
      "y1": 26,
      "x2": -59,
      "y2": 20
    },
    {
      "x1": -69,
      "y1": 34,
      "x2": -69,
      "y2": 33
    },
    {
      "x1": -67,
      "y1": 20,
      "x2": -67,
      "y2": 21
    },
    {
      "x1": 0,
      "y1": 41,
      "x2": 0,
      "y2": 47
    },
    {
      "x1": -74,
      "y1": 34,
      "x2": -74,
      "y2": 47
    },
    {
      "x1": -62,
      "y1": 34,
      "x2": -62,
      "y2": 47
    },
    {
      "x1": -64,
      "y1": 32,
      "x2": -64,
      "y2": 47
    },
    {
      "x1": -57,
      "y1": 27,
      "x2": -57,
      "y2": 47
    },
    {
      "x1": -55,
      "y1": 25,
      "x2": -55,
      "y2": 47
    },
    {
      "x1": -61,
      "y1": 22,
      "x2": -61,
      "y2": 21
    },
    {
      "x1": -24,
      "y1": 34,
      "x2": -24,
      "y2": 47
    },
    {
      "x1": -26,
      "y1": 32,
      "x2": -26,
      "y2": 47
    },
    {
      "x1": -29,
      "y1": 20,
      "x2": -29,
      "y2": 47
    },
    {
      "x1": -23,
      "y1": 22,
      "x2": -23,
      "y2": 47
    },
    {
      "x1": -12,
      "y1": 22,
      "x2": -12,
      "y2": 14
    },
    {
      "x1": -11,
      "y1": 15,
      "x2": -11,
      "y2": 29
    },
    {
      "x1": -12,
      "y1": 29,
      "x2": -12,
      "y2": 47
    },
    {
      "x1": -6,
      "y1": 13,
      "x2": -6,
      "y2": 20
    },
    {
      "x1": -5,
      "y1": 20,
      "x2": -5,
      "y2": 47
    },
    {
      "x1": -51,
      "y1": -22,
      "x2": -51,
      "y2": -36
    },
    {
      "x1": -55,
      "y1": -21,
      "x2": -55,
      "y2": -36
    },
    {
      "x1": -57,
      "y1": -9,
      "x2": -57,
      "y2": -12
    },
    {
      "x1": -58,
      "y1": -12,
      "x2": -58,
      "y2": -36
    },
    {
      "x1": -56,
      "y1": -11,
      "x2": -56,
      "y2": -36
    },
    {
      "x1": -69,
      "y1": -21,
      "x2": -69,
      "y2": -36
    },
    {
      "x1": -70,
      "y1": -11,
      "x2": -70,
      "y2": -36
    },
    {
      "x1": 25,
      "y1": -26,
      "x2": 25,
      "y2": -42
    }
  ],
  "static": {
    "-3 -2": {
      "name": "static",
      "x": -3,
      "y": -2
    },
    "-2 -5": {
      "name": "static",
      "x": -2,
      "y": -5
    },
    "-2 -8": {
      "name": "static",
      "x": -2,
      "y": -8
    },
    "-1 -9": {
      "name": "static",
      "x": -1,
      "y": -9
    },
    "-43 -15": {
      "name": "static",
      "x": -43,
      "y": -15
    },
    "19 22": {
      "name": "static",
      "x": 19,
      "y": 22
    },
    "12 8": {
      "name": "static",
      "x": 12,
      "y": 8
    },
    "-9 -6": {
      "name": "static",
      "x": -9,
      "y": -6
    },
    "-10 6": {
      "name": "static",
      "x": -10,
      "y": 6
    },
    "9 18": {
      "name": "static",
      "x": 9,
      "y": 18
    },
    "25 30": {
      "name": "static",
      "x": 25,
      "y": 30
    },
    "41 18": {
      "name": "static",
      "x": 41,
      "y": 18
    },
    "49 -7": {
      "name": "static",
      "x": 49,
      "y": -7
    },
    "39 5": {
      "name": "static",
      "x": 39,
      "y": 5
    }
  },
  "vias": {
    "-84 -36": {
      "name": "via",
      "x": -84,
      "y": -36
    },
    "-81 4": {
      "name": "via",
      "x": -81,
      "y": 4
    },
    "-18 -15": {
      "name": "via",
      "x": -18,
      "y": -15
    },
    "-15 -15": {
      "name": "via",
      "x": -15,
      "y": -15
    },
    "-15 -16": {
      "name": "via",
      "x": -15,
      "y": -16
    },
    "-8 -16": {
      "name": "via",
      "x": -8,
      "y": -16
    },
    "-13 -3": {
      "name": "via",
      "x": -13,
      "y": -3
    },
    "-13 -13": {
      "name": "via",
      "x": -13,
      "y": -13
    },
    "-6 -13": {
      "name": "via",
      "x": -6,
      "y": -13
    },
    "-6 -14": {
      "name": "via",
      "x": -6,
      "y": -14
    },
    "-10 -15": {
      "name": "via",
      "x": -10,
      "y": -15
    },
    "-5 -15": {
      "name": "via",
      "x": -5,
      "y": -15
    },
    "-5 -14": {
      "name": "via",
      "x": -5,
      "y": -14
    },
    "2 -14": {
      "name": "via",
      "x": 2,
      "y": -14
    },
    "2 -15": {
      "name": "via",
      "x": 2,
      "y": -15
    },
    "6 -15": {
      "name": "via",
      "x": 6,
      "y": -15
    },
    "8 -9": {
      "name": "via",
      "x": 8,
      "y": -9
    },
    "8 -10": {
      "name": "via",
      "x": 8,
      "y": -10
    },
    "2 -10": {
      "name": "via",
      "x": 2,
      "y": -10
    },
    "2 3": {
      "name": "via",
      "x": 2,
      "y": 3
    },
    "7 3": {
      "name": "via",
      "x": 7,
      "y": 3
    },
    "2 15": {
      "name": "via",
      "x": 2,
      "y": 15
    },
    "7 15": {
      "name": "via",
      "x": 7,
      "y": 15
    },
    "2 -23": {
      "name": "via",
      "x": 2,
      "y": -23
    },
    "-11 -23": {
      "name": "via",
      "x": -11,
      "y": -23
    },
    "-11 -28": {
      "name": "via",
      "x": -11,
      "y": -28
    },
    "-11 -4": {
      "name": "via",
      "x": -11,
      "y": -4
    },
    "-18 -4": {
      "name": "via",
      "x": -18,
      "y": -4
    },
    "-9 -2": {
      "name": "via",
      "x": -9,
      "y": -2
    },
    "-18 8": {
      "name": "via",
      "x": -18,
      "y": 8
    },
    "-12 8": {
      "name": "via",
      "x": -12,
      "y": 8
    },
    "-14 9": {
      "name": "via",
      "x": -14,
      "y": 9
    },
    "-10 10": {
      "name": "via",
      "x": -10,
      "y": 10
    },
    "-14 12": {
      "name": "via",
      "x": -14,
      "y": 12
    },
    "-2 12": {
      "name": "via",
      "x": -2,
      "y": 12
    },
    "-2 22": {
      "name": "via",
      "x": -2,
      "y": 22
    },
    "-4 22": {
      "name": "via",
      "x": -4,
      "y": 22
    },
    "-4 25": {
      "name": "via",
      "x": -4,
      "y": 25
    },
    "-8 26": {
      "name": "via",
      "x": -8,
      "y": 26
    },
    "-8 24": {
      "name": "via",
      "x": -8,
      "y": 24
    },
    "4 24": {
      "name": "via",
      "x": 4,
      "y": 24
    },
    "4 2": {
      "name": "via",
      "x": 4,
      "y": 2
    },
    "6 2": {
      "name": "via",
      "x": 6,
      "y": 2
    },
    "4 -9": {
      "name": "via",
      "x": 4,
      "y": -9
    },
    "6 -9": {
      "name": "via",
      "x": 6,
      "y": -9
    },
    "4 -14": {
      "name": "via",
      "x": 4,
      "y": -14
    },
    "8 -14": {
      "name": "via",
      "x": 8,
      "y": -14
    },
    "8 -15": {
      "name": "via",
      "x": 8,
      "y": -15
    },
    "25 2": {
      "name": "via",
      "x": 25,
      "y": 2
    },
    "19 2": {
      "name": "via",
      "x": 19,
      "y": 2
    },
    "19 -2": {
      "name": "via",
      "x": 19,
      "y": -2
    },
    "10 5": {
      "name": "via",
      "x": 10,
      "y": 5
    },
    "10 -2": {
      "name": "via",
      "x": 10,
      "y": -2
    },
    "17 -2": {
      "name": "via",
      "x": 17,
      "y": -2
    },
    "17 -4": {
      "name": "via",
      "x": 17,
      "y": -4
    },
    "15 -3": {
      "name": "via",
      "x": 15,
      "y": -3
    },
    "15 -8": {
      "name": "via",
      "x": 15,
      "y": -8
    },
    "28 -8": {
      "name": "via",
      "x": 28,
      "y": -8
    },
    "28 -14": {
      "name": "via",
      "x": 28,
      "y": -14
    },
    "10 -16": {
      "name": "via",
      "x": 10,
      "y": -16
    },
    "10 -10": {
      "name": "via",
      "x": 10,
      "y": -10
    },
    "19 -10": {
      "name": "via",
      "x": 19,
      "y": -10
    },
    "15 -15": {
      "name": "via",
      "x": 15,
      "y": -15
    },
    "19 -15": {
      "name": "via",
      "x": 19,
      "y": -15
    },
    "19 -16": {
      "name": "via",
      "x": 19,
      "y": -16
    },
    "26 -16": {
      "name": "via",
      "x": 26,
      "y": -16
    },
    "24 -15": {
      "name": "via",
      "x": 24,
      "y": -15
    },
    "28 -15": {
      "name": "via",
      "x": 28,
      "y": -15
    },
    "28 -21": {
      "name": "via",
      "x": 28,
      "y": -21
    },
    "37 -21": {
      "name": "via",
      "x": 37,
      "y": -21
    },
    "21 -27": {
      "name": "via",
      "x": 21,
      "y": -27
    },
    "21 -23": {
      "name": "via",
      "x": 21,
      "y": -23
    },
    "39 -23": {
      "name": "via",
      "x": 39,
      "y": -23
    },
    "35 -22": {
      "name": "via",
      "x": 35,
      "y": -22
    },
    "-48 -22": {
      "name": "via",
      "x": -48,
      "y": -22
    },
    "-48 -23": {
      "name": "via",
      "x": -48,
      "y": -23
    },
    "-53 -23": {
      "name": "via",
      "x": -53,
      "y": -23
    },
    "4 -19": {
      "name": "via",
      "x": 4,
      "y": -19
    },
    "-12 -27": {
      "name": "via",
      "x": -12,
      "y": -27
    },
    "4 -25": {
      "name": "via",
      "x": 4,
      "y": -25
    },
    "13 -25": {
      "name": "via",
      "x": 13,
      "y": -25
    },
    "13 -27": {
      "name": "via",
      "x": 13,
      "y": -27
    },
    "9 22": {
      "name": "via",
      "x": 9,
      "y": 22
    },
    "7 20": {
      "name": "via",
      "x": 7,
      "y": 20
    },
    "7 47": {
      "name": "via",
      "x": 7,
      "y": 47
    },
    "9 13": {
      "name": "via",
      "x": 9,
      "y": 13
    },
    "9 -42": {
      "name": "via",
      "x": 9,
      "y": -42
    },
    "5 14": {
      "name": "via",
      "x": 5,
      "y": 14
    },
    "10 14": {
      "name": "via",
      "x": 10,
      "y": 14
    },
    "10 13": {
      "name": "via",
      "x": 10,
      "y": 13
    },
    "18 13": {
      "name": "via",
      "x": 18,
      "y": 13
    },
    "5 21": {
      "name": "via",
      "x": 5,
      "y": 21
    },
    "5 19": {
      "name": "via",
      "x": 5,
      "y": 19
    },
    "16 19": {
      "name": "via",
      "x": 16,
      "y": 19
    },
    "16 15": {
      "name": "via",
      "x": 16,
      "y": 15
    },
    "19 24": {
      "name": "via",
      "x": 19,
      "y": 24
    },
    "14 14": {
      "name": "via",
      "x": 14,
      "y": 14
    },
    "14 32": {
      "name": "via",
      "x": 14,
      "y": 32
    },
    "13 32": {
      "name": "via",
      "x": 13,
      "y": 32
    },
    "15 34": {
      "name": "via",
      "x": 15,
      "y": 34
    },
    "15 0": {
      "name": "via",
      "x": 15,
      "y": 0
    },
    "14 0": {
      "name": "via",
      "x": 14,
      "y": 0
    },
    "14 -42": {
      "name": "via",
      "x": 14,
      "y": -42
    },
    "11 33": {
      "name": "via",
      "x": 11,
      "y": 33
    },
    "11 25": {
      "name": "via",
      "x": 11,
      "y": 25
    },
    "25 25": {
      "name": "via",
      "x": 25,
      "y": 25
    },
    "25 34": {
      "name": "via",
      "x": 25,
      "y": 34
    },
    "23 32": {
      "name": "via",
      "x": 23,
      "y": 32
    },
    "23 47": {
      "name": "via",
      "x": 23,
      "y": 47
    },
    "21 33": {
      "name": "via",
      "x": 21,
      "y": 33
    },
    "21 28": {
      "name": "via",
      "x": 21,
      "y": 28
    },
    "23 28": {
      "name": "via",
      "x": 23,
      "y": 28
    },
    "23 27": {
      "name": "via",
      "x": 23,
      "y": 27
    },
    "21 26": {
      "name": "via",
      "x": 21,
      "y": 26
    },
    "26 26": {
      "name": "via",
      "x": 26,
      "y": 26
    },
    "26 25": {
      "name": "via",
      "x": 26,
      "y": 25
    },
    "29 25": {
      "name": "via",
      "x": 29,
      "y": 25
    },
    "29 20": {
      "name": "via",
      "x": 29,
      "y": 20
    },
    "31 22": {
      "name": "via",
      "x": 31,
      "y": 22
    },
    "31 16": {
      "name": "via",
      "x": 31,
      "y": 16
    },
    "30 16": {
      "name": "via",
      "x": 30,
      "y": 16
    },
    "30 -13": {
      "name": "via",
      "x": 30,
      "y": -13
    },
    "32 -13": {
      "name": "via",
      "x": 32,
      "y": -13
    },
    "32 -42": {
      "name": "via",
      "x": 32,
      "y": -42
    },
    "27 21": {
      "name": "via",
      "x": 27,
      "y": 21
    },
    "27 13": {
      "name": "via",
      "x": 27,
      "y": 13
    },
    "35 13": {
      "name": "via",
      "x": 35,
      "y": 13
    },
    "37 21": {
      "name": "via",
      "x": 37,
      "y": 21
    },
    "37 18": {
      "name": "via",
      "x": 37,
      "y": 18
    },
    "33 18": {
      "name": "via",
      "x": 33,
      "y": 18
    },
    "33 15": {
      "name": "via",
      "x": 33,
      "y": 15
    },
    "39 20": {
      "name": "via",
      "x": 39,
      "y": 20
    },
    "39 47": {
      "name": "via",
      "x": 39,
      "y": 47
    },
    "41 22": {
      "name": "via",
      "x": 41,
      "y": 22
    },
    "31 14": {
      "name": "via",
      "x": 31,
      "y": 14
    },
    "31 8": {
      "name": "via",
      "x": 31,
      "y": 8
    },
    "44 8": {
      "name": "via",
      "x": 44,
      "y": 8
    },
    "46 -2": {
      "name": "via",
      "x": 46,
      "y": -2
    },
    "46 -42": {
      "name": "via",
      "x": 46,
      "y": -42
    },
    "39 -11": {
      "name": "via",
      "x": 39,
      "y": -11
    },
    "45 -10": {
      "name": "via",
      "x": 45,
      "y": -10
    },
    "49 -11": {
      "name": "via",
      "x": 49,
      "y": -11
    },
    "47 -9": {
      "name": "via",
      "x": 47,
      "y": -9
    },
    "47 47": {
      "name": "via",
      "x": 47,
      "y": 47
    },
    "45 -9": {
      "name": "via",
      "x": 45,
      "y": -9
    },
    "37 -9": {
      "name": "via",
      "x": 37,
      "y": -9
    },
    "42 -3": {
      "name": "via",
      "x": 42,
      "y": -3
    },
    "42 -11": {
      "name": "via",
      "x": 42,
      "y": -11
    },
    "35 -10": {
      "name": "via",
      "x": 35,
      "y": -10
    },
    "35 -4": {
      "name": "via",
      "x": 35,
      "y": -4
    },
    "33 -4": {
      "name": "via",
      "x": 33,
      "y": -4
    },
    "35 -2": {
      "name": "via",
      "x": 35,
      "y": -2
    },
    "36 -2": {
      "name": "via",
      "x": 36,
      "y": -2
    },
    "36 -42": {
      "name": "via",
      "x": 36,
      "y": -42
    },
    "39 1": {
      "name": "via",
      "x": 39,
      "y": 1
    },
    "37 3": {
      "name": "via",
      "x": 37,
      "y": 3
    },
    "37 10": {
      "name": "via",
      "x": 37,
      "y": 10
    },
    "38 10": {
      "name": "via",
      "x": 38,
      "y": 10
    },
    "38 47": {
      "name": "via",
      "x": 38,
      "y": 47
    },
    "31 -3": {
      "name": "via",
      "x": 31,
      "y": -3
    },
    "29 -3": {
      "name": "via",
      "x": 29,
      "y": -3
    },
    "29 1": {
      "name": "via",
      "x": 29,
      "y": 1
    },
    "35 2": {
      "name": "via",
      "x": 35,
      "y": 2
    },
    "35 3": {
      "name": "via",
      "x": 35,
      "y": 3
    },
    "27 3": {
      "name": "via",
      "x": 27,
      "y": 3
    },
    "15 -28": {
      "name": "via",
      "x": 15,
      "y": -28
    },
    "23 -28": {
      "name": "via",
      "x": 23,
      "y": -28
    },
    "7 -28": {
      "name": "via",
      "x": 7,
      "y": -28
    },
    "0 -27": {
      "name": "via",
      "x": 0,
      "y": -27
    },
    "4 -27": {
      "name": "via",
      "x": 4,
      "y": -27
    },
    "4 -30": {
      "name": "via",
      "x": 4,
      "y": -30
    },
    "-8 -30": {
      "name": "via",
      "x": -8,
      "y": -30
    },
    "-81 -11": {
      "name": "via",
      "x": -81,
      "y": -11
    },
    "-81 16": {
      "name": "via",
      "x": -81,
      "y": 16
    },
    "-75 16": {
      "name": "via",
      "x": -75,
      "y": 16
    },
    "-75 22": {
      "name": "via",
      "x": -75,
      "y": 22
    },
    "-63 22": {
      "name": "via",
      "x": -63,
      "y": 22
    },
    "-63 16": {
      "name": "via",
      "x": -63,
      "y": 16
    },
    "-41 16": {
      "name": "via",
      "x": -41,
      "y": 16
    },
    "-41 -22": {
      "name": "via",
      "x": -41,
      "y": -22
    },
    "-77 -23": {
      "name": "via",
      "x": -77,
      "y": -23
    },
    "-71 -23": {
      "name": "via",
      "x": -71,
      "y": -23
    },
    "-71 -22": {
      "name": "via",
      "x": -71,
      "y": -22
    },
    "-67 -23": {
      "name": "via",
      "x": -67,
      "y": -23
    },
    "-57 -23": {
      "name": "via",
      "x": -57,
      "y": -23
    },
    "-57 -22": {
      "name": "via",
      "x": -57,
      "y": -22
    },
    "-85 -10": {
      "name": "via",
      "x": -85,
      "y": -10
    },
    "-81 -22": {
      "name": "via",
      "x": -81,
      "y": -22
    },
    "-78 -16": {
      "name": "via",
      "x": -78,
      "y": -16
    },
    "-78 33": {
      "name": "via",
      "x": -78,
      "y": 33
    },
    "-79 21": {
      "name": "via",
      "x": -79,
      "y": 21
    },
    "-76 21": {
      "name": "via",
      "x": -76,
      "y": 21
    },
    "-76 32": {
      "name": "via",
      "x": -76,
      "y": 32
    },
    "-67 21": {
      "name": "via",
      "x": -67,
      "y": 21
    },
    "-69 34": {
      "name": "via",
      "x": -69,
      "y": 34
    },
    "-74 34": {
      "name": "via",
      "x": -74,
      "y": 34
    },
    "-65 -16": {
      "name": "via",
      "x": -65,
      "y": -16
    },
    "-54 -16": {
      "name": "via",
      "x": -54,
      "y": -16
    },
    "-57 -15": {
      "name": "via",
      "x": -57,
      "y": -15
    },
    "-57 -17": {
      "name": "via",
      "x": -57,
      "y": -17
    },
    "-84 -17": {
      "name": "via",
      "x": -84,
      "y": -17
    },
    "-79 -21": {
      "name": "via",
      "x": -79,
      "y": -21
    },
    "-65 -18": {
      "name": "via",
      "x": -65,
      "y": -18
    },
    "-85 -21": {
      "name": "via",
      "x": -85,
      "y": -21
    },
    "-69 -14": {
      "name": "via",
      "x": -69,
      "y": -14
    },
    "-73 -14": {
      "name": "via",
      "x": -73,
      "y": -14
    },
    "-73 14": {
      "name": "via",
      "x": -73,
      "y": 14
    },
    "-71 14": {
      "name": "via",
      "x": -71,
      "y": 14
    },
    "-71 25": {
      "name": "via",
      "x": -71,
      "y": 25
    },
    "-78 25": {
      "name": "via",
      "x": -78,
      "y": 25
    },
    "-73 -3": {
      "name": "via",
      "x": -73,
      "y": -3
    },
    "-86 -3": {
      "name": "via",
      "x": -86,
      "y": -3
    },
    "-86 -36": {
      "name": "via",
      "x": -86,
      "y": -36
    },
    "-21 -17": {
      "name": "via",
      "x": -21,
      "y": -17
    },
    "-21 -15": {
      "name": "via",
      "x": -21,
      "y": -15
    },
    "-21 -3": {
      "name": "via",
      "x": -21,
      "y": -3
    },
    "-21 9": {
      "name": "via",
      "x": -21,
      "y": 9
    },
    "-21 26": {
      "name": "via",
      "x": -21,
      "y": 26
    },
    "-43 -15": {
      "name": "via",
      "x": -43,
      "y": -15
    },
    "-43 -22": {
      "name": "via",
      "x": -43,
      "y": -22
    },
    "-42 27": {
      "name": "via",
      "x": -42,
      "y": 27
    },
    "-42 8": {
      "name": "via",
      "x": -42,
      "y": 8
    },
    "-42 -4": {
      "name": "via",
      "x": -42,
      "y": -4
    },
    "-42 -16": {
      "name": "via",
      "x": -42,
      "y": -16
    },
    "-42 -14": {
      "name": "via",
      "x": -42,
      "y": -14
    },
    "-68 -14": {
      "name": "via",
      "x": -68,
      "y": -14
    },
    "-68 -16": {
      "name": "via",
      "x": -68,
      "y": -16
    },
    "-81 -15": {
      "name": "via",
      "x": -81,
      "y": -15
    },
    "-79 -15": {
      "name": "via",
      "x": -79,
      "y": -15
    },
    "-46 -16": {
      "name": "via",
      "x": -46,
      "y": -16
    },
    "-46 -13": {
      "name": "via",
      "x": -46,
      "y": -13
    },
    "-39 -13": {
      "name": "via",
      "x": -39,
      "y": -13
    },
    "-39 -15": {
      "name": "via",
      "x": -39,
      "y": -15
    },
    "-18 -16": {
      "name": "via",
      "x": -18,
      "y": -16
    },
    "-38 -16": {
      "name": "via",
      "x": -38,
      "y": -16
    },
    "-38 -3": {
      "name": "via",
      "x": -38,
      "y": -3
    },
    "-39 -3": {
      "name": "via",
      "x": -39,
      "y": -3
    },
    "-43 4": {
      "name": "via",
      "x": -43,
      "y": 4
    },
    "-43 -3": {
      "name": "via",
      "x": -43,
      "y": -3
    },
    "-43 9": {
      "name": "via",
      "x": -43,
      "y": 9
    },
    "-43 26": {
      "name": "via",
      "x": -43,
      "y": 26
    },
    "-78 -36": {
      "name": "via",
      "x": -78,
      "y": -36
    },
    "-75 -15": {
      "name": "via",
      "x": -75,
      "y": -15
    },
    "-73 -15": {
      "name": "via",
      "x": -73,
      "y": -15
    },
    "-73 -36": {
      "name": "via",
      "x": -73,
      "y": -36
    },
    "-37 -4": {
      "name": "via",
      "x": -37,
      "y": -4
    },
    "-37 8": {
      "name": "via",
      "x": -37,
      "y": 8
    },
    "-39 8": {
      "name": "via",
      "x": -39,
      "y": 8
    },
    "-39 9": {
      "name": "via",
      "x": -39,
      "y": 9
    },
    "-36 8": {
      "name": "via",
      "x": -36,
      "y": 8
    },
    "-36 25": {
      "name": "via",
      "x": -36,
      "y": 25
    },
    "-39 25": {
      "name": "via",
      "x": -39,
      "y": 25
    },
    "-39 26": {
      "name": "via",
      "x": -39,
      "y": 26
    },
    "-33 25": {
      "name": "via",
      "x": -33,
      "y": 25
    },
    "-33 10": {
      "name": "via",
      "x": -33,
      "y": 10
    },
    "-33 -2": {
      "name": "via",
      "x": -33,
      "y": -2
    },
    "-33 -14": {
      "name": "via",
      "x": -33,
      "y": -14
    },
    "-73 -6": {
      "name": "via",
      "x": -73,
      "y": -6
    },
    "-33 -6": {
      "name": "via",
      "x": -33,
      "y": -6
    },
    "-18 27": {
      "name": "via",
      "x": -18,
      "y": 27
    },
    "-18 29": {
      "name": "via",
      "x": -18,
      "y": 29
    },
    "-84 29": {
      "name": "via",
      "x": -84,
      "y": 29
    },
    "-63 27": {
      "name": "via",
      "x": -63,
      "y": 27
    },
    "-63 28": {
      "name": "via",
      "x": -63,
      "y": 28
    },
    "-84 22": {
      "name": "via",
      "x": -84,
      "y": 22
    },
    "-82 22": {
      "name": "via",
      "x": -82,
      "y": 22
    },
    "-82 26": {
      "name": "via",
      "x": -82,
      "y": 26
    },
    "-66 26": {
      "name": "via",
      "x": -66,
      "y": 26
    },
    "-88 33": {
      "name": "via",
      "x": -88,
      "y": 33
    },
    "-88 26": {
      "name": "via",
      "x": -88,
      "y": 26
    },
    "-84 26": {
      "name": "via",
      "x": -84,
      "y": 26
    },
    "-87 27": {
      "name": "via",
      "x": -87,
      "y": 27
    },
    "-87 -16": {
      "name": "via",
      "x": -87,
      "y": -16
    },
    "-93 28": {
      "name": "via",
      "x": -93,
      "y": 28
    },
    "-93 -36": {
      "name": "via",
      "x": -93,
      "y": -36
    },
    "-83 -9": {
      "name": "via",
      "x": -83,
      "y": -9
    },
    "-72 -9": {
      "name": "via",
      "x": -72,
      "y": -9
    },
    "-72 -10": {
      "name": "via",
      "x": -72,
      "y": -10
    },
    "-70 -9": {
      "name": "via",
      "x": -70,
      "y": -9
    },
    "-59 -9": {
      "name": "via",
      "x": -59,
      "y": -9
    },
    "-59 -10": {
      "name": "via",
      "x": -59,
      "y": -10
    },
    "-79 -10": {
      "name": "via",
      "x": -79,
      "y": -10
    },
    "-76 -10": {
      "name": "via",
      "x": -76,
      "y": -10
    },
    "-76 -36": {
      "name": "via",
      "x": -76,
      "y": -36
    },
    "-75 -22": {
      "name": "via",
      "x": -75,
      "y": -22
    },
    "-75 -36": {
      "name": "via",
      "x": -75,
      "y": -36
    },
    "-65 -22": {
      "name": "via",
      "x": -65,
      "y": -22
    },
    "-65 -36": {
      "name": "via",
      "x": -65,
      "y": -36
    },
    "-66 -10": {
      "name": "via",
      "x": -66,
      "y": -10
    },
    "-64 -10": {
      "name": "via",
      "x": -64,
      "y": -10
    },
    "-64 -36": {
      "name": "via",
      "x": -64,
      "y": -36
    },
    "-53 -10": {
      "name": "via",
      "x": -53,
      "y": -10
    },
    "-50 -10": {
      "name": "via",
      "x": -50,
      "y": -10
    },
    "-50 -36": {
      "name": "via",
      "x": -50,
      "y": -36
    },
    "-72 33": {
      "name": "via",
      "x": -72,
      "y": 33
    },
    "-72 47": {
      "name": "via",
      "x": -72,
      "y": 47
    },
    "-73 21": {
      "name": "via",
      "x": -73,
      "y": 21
    },
    "-73 47": {
      "name": "via",
      "x": -73,
      "y": 47
    },
    "-60 33": {
      "name": "via",
      "x": -60,
      "y": 33
    },
    "-60 47": {
      "name": "via",
      "x": -60,
      "y": 47
    },
    "-61 47": {
      "name": "via",
      "x": -61,
      "y": 47
    },
    "-53 26": {
      "name": "via",
      "x": -53,
      "y": 26
    },
    "-53 47": {
      "name": "via",
      "x": -53,
      "y": 47
    },
    "-22 33": {
      "name": "via",
      "x": -22,
      "y": 33
    },
    "-22 47": {
      "name": "via",
      "x": -22,
      "y": 47
    },
    "-9 33": {
      "name": "via",
      "x": -9,
      "y": 33
    },
    "-9 47": {
      "name": "via",
      "x": -9,
      "y": 47
    },
    "-22 21": {
      "name": "via",
      "x": -22,
      "y": 21
    },
    "-20 21": {
      "name": "via",
      "x": -20,
      "y": 21
    },
    "-20 47": {
      "name": "via",
      "x": -20,
      "y": 47
    },
    "-10 21": {
      "name": "via",
      "x": -10,
      "y": 21
    },
    "-10 47": {
      "name": "via",
      "x": -10,
      "y": 47
    },
    "-2 26": {
      "name": "via",
      "x": -2,
      "y": 26
    },
    "-2 47": {
      "name": "via",
      "x": -2,
      "y": 47
    },
    "-4 14": {
      "name": "via",
      "x": -4,
      "y": 14
    },
    "-3 14": {
      "name": "via",
      "x": -3,
      "y": 14
    },
    "-3 47": {
      "name": "via",
      "x": -3,
      "y": 47
    },
    "-8 9": {
      "name": "via",
      "x": -8,
      "y": 9
    },
    "-7 9": {
      "name": "via",
      "x": -7,
      "y": 9
    },
    "-7 47": {
      "name": "via",
      "x": -7,
      "y": 47
    },
    "-4 -15": {
      "name": "via",
      "x": -4,
      "y": -15
    },
    "-4 -42": {
      "name": "via",
      "x": -4,
      "y": -42
    },
    "7 -42": {
      "name": "via",
      "x": 7,
      "y": -42
    },
    "-12 -42": {
      "name": "via",
      "x": -12,
      "y": -42
    },
    "-7 -3": {
      "name": "via",
      "x": -7,
      "y": -3
    },
    "-7 -42": {
      "name": "via",
      "x": -7,
      "y": -42
    },
    "27 -27": {
      "name": "via",
      "x": 27,
      "y": -27
    },
    "27 -42": {
      "name": "via",
      "x": 27,
      "y": -42
    },
    "41 -22": {
      "name": "via",
      "x": 41,
      "y": -22
    },
    "41 -42": {
      "name": "via",
      "x": 41,
      "y": -42
    },
    "30 -15": {
      "name": "via",
      "x": 30,
      "y": -15
    },
    "30 -42": {
      "name": "via",
      "x": 30,
      "y": -42
    },
    "21 -15": {
      "name": "via",
      "x": 21,
      "y": -15
    },
    "20 -15": {
      "name": "via",
      "x": 20,
      "y": -15
    },
    "20 -42": {
      "name": "via",
      "x": 20,
      "y": -42
    },
    "-93 47": {
      "name": "via",
      "x": -93,
      "y": 47
    },
    "-95 4": {
      "name": "via",
      "x": -95,
      "y": 4
    },
    "-95 47": {
      "name": "via",
      "x": -95,
      "y": 47
    },
    "-97 -18": {
      "name": "via",
      "x": -97,
      "y": -18
    },
    "-97 47": {
      "name": "via",
      "x": -97,
      "y": 47
    },
    "17 33": {
      "name": "via",
      "x": 17,
      "y": 33
    },
    "17 47": {
      "name": "via",
      "x": 17,
      "y": 47
    },
    "27 33": {
      "name": "via",
      "x": 27,
      "y": 33
    },
    "27 47": {
      "name": "via",
      "x": 27,
      "y": 47
    },
    "27 26": {
      "name": "via",
      "x": 27,
      "y": 26
    },
    "28 26": {
      "name": "via",
      "x": 28,
      "y": 26
    },
    "28 47": {
      "name": "via",
      "x": 28,
      "y": 47
    },
    "33 21": {
      "name": "via",
      "x": 33,
      "y": 21
    },
    "33 47": {
      "name": "via",
      "x": 33,
      "y": 47
    },
    "37 14": {
      "name": "via",
      "x": 37,
      "y": 14
    },
    "36 14": {
      "name": "via",
      "x": 36,
      "y": 14
    },
    "36 47": {
      "name": "via",
      "x": 36,
      "y": 47
    },
    "43 21": {
      "name": "via",
      "x": 43,
      "y": 21
    },
    "43 47": {
      "name": "via",
      "x": 43,
      "y": 47
    },
    "48 -3": {
      "name": "via",
      "x": 48,
      "y": -3
    },
    "48 47": {
      "name": "via",
      "x": 48,
      "y": 47
    },
    "51 -10": {
      "name": "via",
      "x": 51,
      "y": -10
    },
    "51 -42": {
      "name": "via",
      "x": 51,
      "y": -42
    },
    "41 -10": {
      "name": "via",
      "x": 41,
      "y": -10
    },
    "43 -10": {
      "name": "via",
      "x": 43,
      "y": -10
    },
    "43 -42": {
      "name": "via",
      "x": 43,
      "y": -42
    },
    "37 -3": {
      "name": "via",
      "x": 37,
      "y": -3
    },
    "40 -3": {
      "name": "via",
      "x": 40,
      "y": -3
    },
    "40 -42": {
      "name": "via",
      "x": 40,
      "y": -42
    },
    "41 2": {
      "name": "via",
      "x": 41,
      "y": 2
    },
    "43 2": {
      "name": "via",
      "x": 43,
      "y": 2
    },
    "43 -8": {
      "name": "via",
      "x": 43,
      "y": -8
    },
    "44 -8": {
      "name": "via",
      "x": 44,
      "y": -8
    },
    "44 -42": {
      "name": "via",
      "x": 44,
      "y": -42
    },
    "31 2": {
      "name": "via",
      "x": 31,
      "y": 2
    },
    "32 2": {
      "name": "via",
      "x": 32,
      "y": 2
    },
    "32 -12": {
      "name": "via",
      "x": 32,
      "y": -12
    },
    "33 -12": {
      "name": "via",
      "x": 33,
      "y": -12
    },
    "33 -42": {
      "name": "via",
      "x": 33,
      "y": -42
    },
    "21 -3": {
      "name": "via",
      "x": 21,
      "y": -3
    },
    "22 -3": {
      "name": "via",
      "x": 22,
      "y": -3
    },
    "22 -42": {
      "name": "via",
      "x": 22,
      "y": -42
    },
    "11 21": {
      "name": "via",
      "x": 11,
      "y": 21
    },
    "11 23": {
      "name": "via",
      "x": 11,
      "y": 23
    },
    "10 23": {
      "name": "via",
      "x": 10,
      "y": 23
    },
    "10 47": {
      "name": "via",
      "x": 10,
      "y": 47
    },
    "20 14": {
      "name": "via",
      "x": 20,
      "y": 14
    },
    "20 47": {
      "name": "via",
      "x": 20,
      "y": 47
    },
    "11 14": {
      "name": "via",
      "x": 11,
      "y": 14
    },
    "12 14": {
      "name": "via",
      "x": 12,
      "y": 14
    },
    "12 47": {
      "name": "via",
      "x": 12,
      "y": 47
    },
    "-10 14": {
      "name": "via",
      "x": -10,
      "y": 14
    },
    "-6 27": {
      "name": "via",
      "x": -6,
      "y": 27
    },
    "-16 27": {
      "name": "via",
      "x": -16,
      "y": 27
    },
    "-16 21": {
      "name": "via",
      "x": -16,
      "y": 21
    },
    "-14 20": {
      "name": "via",
      "x": -14,
      "y": 20
    },
    "-14 29": {
      "name": "via",
      "x": -14,
      "y": 29
    },
    "-15 29": {
      "name": "via",
      "x": -15,
      "y": 29
    },
    "-15 33": {
      "name": "via",
      "x": -15,
      "y": 33
    },
    "-13 32": {
      "name": "via",
      "x": -13,
      "y": 32
    },
    "-13 31": {
      "name": "via",
      "x": -13,
      "y": 31
    },
    "-28 31": {
      "name": "via",
      "x": -28,
      "y": 31
    },
    "-28 33": {
      "name": "via",
      "x": -28,
      "y": 33
    },
    "-11 34": {
      "name": "via",
      "x": -11,
      "y": 34
    },
    "-19 34": {
      "name": "via",
      "x": -19,
      "y": 34
    },
    "-19 23": {
      "name": "via",
      "x": -19,
      "y": 23
    },
    "-28 23": {
      "name": "via",
      "x": -28,
      "y": 23
    },
    "-28 21": {
      "name": "via",
      "x": -28,
      "y": 21
    },
    "-59 26": {
      "name": "via",
      "x": -59,
      "y": 26
    },
    "-59 20": {
      "name": "via",
      "x": -59,
      "y": 20
    },
    "-65 20": {
      "name": "via",
      "x": -65,
      "y": 20
    },
    "-66 33": {
      "name": "via",
      "x": -66,
      "y": 33
    },
    "-77 20": {
      "name": "via",
      "x": -77,
      "y": 20
    },
    "-69 33": {
      "name": "via",
      "x": -69,
      "y": 33
    },
    "-67 20": {
      "name": "via",
      "x": -67,
      "y": 20
    },
    "0 47": {
      "name": "via",
      "x": 0,
      "y": 47
    },
    "-74 47": {
      "name": "via",
      "x": -74,
      "y": 47
    },
    "-62 34": {
      "name": "via",
      "x": -62,
      "y": 34
    },
    "-62 47": {
      "name": "via",
      "x": -62,
      "y": 47
    },
    "-64 32": {
      "name": "via",
      "x": -64,
      "y": 32
    },
    "-64 47": {
      "name": "via",
      "x": -64,
      "y": 47
    },
    "-57 27": {
      "name": "via",
      "x": -57,
      "y": 27
    },
    "-57 47": {
      "name": "via",
      "x": -57,
      "y": 47
    },
    "-55 25": {
      "name": "via",
      "x": -55,
      "y": 25
    },
    "-55 47": {
      "name": "via",
      "x": -55,
      "y": 47
    },
    "-61 21": {
      "name": "via",
      "x": -61,
      "y": 21
    },
    "-24 34": {
      "name": "via",
      "x": -24,
      "y": 34
    },
    "-24 47": {
      "name": "via",
      "x": -24,
      "y": 47
    },
    "-26 32": {
      "name": "via",
      "x": -26,
      "y": 32
    },
    "-26 47": {
      "name": "via",
      "x": -26,
      "y": 47
    },
    "-26 20": {
      "name": "via",
      "x": -26,
      "y": 20
    },
    "-29 20": {
      "name": "via",
      "x": -29,
      "y": 20
    },
    "-29 47": {
      "name": "via",
      "x": -29,
      "y": 47
    },
    "-24 22": {
      "name": "via",
      "x": -24,
      "y": 22
    },
    "-23 22": {
      "name": "via",
      "x": -23,
      "y": 22
    },
    "-23 47": {
      "name": "via",
      "x": -23,
      "y": 47
    },
    "-12 22": {
      "name": "via",
      "x": -12,
      "y": 22
    },
    "-12 14": {
      "name": "via",
      "x": -12,
      "y": 14
    },
    "-8 15": {
      "name": "via",
      "x": -8,
      "y": 15
    },
    "-11 15": {
      "name": "via",
      "x": -11,
      "y": 15
    },
    "-11 29": {
      "name": "via",
      "x": -11,
      "y": 29
    },
    "-12 29": {
      "name": "via",
      "x": -12,
      "y": 29
    },
    "-12 47": {
      "name": "via",
      "x": -12,
      "y": 47
    },
    "-6 13": {
      "name": "via",
      "x": -6,
      "y": 13
    },
    "-6 20": {
      "name": "via",
      "x": -6,
      "y": 20
    },
    "-5 20": {
      "name": "via",
      "x": -5,
      "y": 20
    },
    "-5 47": {
      "name": "via",
      "x": -5,
      "y": 47
    },
    "-51 -22": {
      "name": "via",
      "x": -51,
      "y": -22
    },
    "-51 -36": {
      "name": "via",
      "x": -51,
      "y": -36
    },
    "-55 -21": {
      "name": "via",
      "x": -55,
      "y": -21
    },
    "-55 -36": {
      "name": "via",
      "x": -55,
      "y": -36
    },
    "-57 -9": {
      "name": "via",
      "x": -57,
      "y": -9
    },
    "-57 -12": {
      "name": "via",
      "x": -57,
      "y": -12
    },
    "-58 -12": {
      "name": "via",
      "x": -58,
      "y": -12
    },
    "-58 -36": {
      "name": "via",
      "x": -58,
      "y": -36
    },
    "-55 -11": {
      "name": "via",
      "x": -55,
      "y": -11
    },
    "-56 -11": {
      "name": "via",
      "x": -56,
      "y": -11
    },
    "-56 -36": {
      "name": "via",
      "x": -56,
      "y": -36
    },
    "-69 -21": {
      "name": "via",
      "x": -69,
      "y": -21
    },
    "-69 -36": {
      "name": "via",
      "x": -69,
      "y": -36
    },
    "-68 -11": {
      "name": "via",
      "x": -68,
      "y": -11
    },
    "-70 -11": {
      "name": "via",
      "x": -70,
      "y": -11
    },
    "-70 -36": {
      "name": "via",
      "x": -70,
      "y": -36
    },
    "25 -26": {
      "name": "via",
      "x": 25,
      "y": -26
    },
    "25 -42": {
      "name": "via",
      "x": 25,
      "y": -42
    }
  }
}