{
  "cells": [
    {
      "t": "inv",
      "x": 102,
      "y": 74
    },
    {
      "t": "and2",
      "x": 107,
      "y": 74
    },
    {
      "t": "and2",
      "x": 131,
      "y": 68
    },
    {
      "t": "and2",
      "x": 135,
      "y": 62
    },
    {
      "t": "and2",
      "x": 138,
      "y": 74
    },
    {
      "t": "and2",
      "x": 132,
      "y": 74
    },
    {
      "t": "inv",
      "x": 140,
      "y": 68
    },
    {
      "t": "or2",
      "x": 144,
      "y": 68
    },
    {
      "t": "inv",
      "x": 137,
      "y": 68
    },
    {
      "t": "inv",
      "x": 142,
      "y": 62
    },
    {
      "t": "and2",
      "x": 118,
      "y": 86
    },
    {
      "t": "and2",
      "x": 120,
      "y": 92
    },
    {
      "t": "or2",
      "x": 126,
      "y": 86
    },
    {
      "t": "or2",
      "x": 127,
      "y": 92
    },
    {
      "t": "inv",
      "x": 116,
      "y": 92
    },
    {
      "t": "and2",
      "x": 102,
      "y": 104
    },
    {
      "t": "and2",
      "x": 100,
      "y": 110
    },
    {
      "t": "or2",
      "x": 93,
      "y": 110
    },
    {
      "t": "or2",
      "x": 166,
      "y": 74
    },
    {
      "t": "or2",
      "x": 167,
      "y": 80
    },
    {
      "t": "or2",
      "x": 166,
      "y": 86
    },
    {
      "t": "or2",
      "x": 167,
      "y": 92
    },
    {
      "t": "and2",
      "x": 177,
      "y": 74
    },
    {
      "t": "and2",
      "x": 177,
      "y": 80
    },
    {
      "t": "and2",
      "x": 177,
      "y": 86
    },
    {
      "t": "and2",
      "x": 177,
      "y": 92
    },
    {
      "t": "and2",
      "x": 177,
      "y": 98
    },
    {
      "t": "and2",
      "x": 185,
      "y": 86
    },
    {
      "t": "and2",
      "x": 193,
      "y": 86
    },
    {
      "t": "and2",
      "x": 192,
      "y": 80
    },
    {
      "t": "and2",
      "x": 192,
      "y": 74
    },
    {
      "t": "inv",
      "x": 186,
      "y": 92
    },
    {
      "t": "inv",
      "x": 186,
      "y": 98
    },
    {
      "t": "inv",
      "x": 186,
      "y": 104
    },
    {
      "t": "and2",
      "x": 191,
      "y": 98
    },
    {
      "t": "and2",
      "x": 197,
      "y": 98
    },
    {
      "t": "and2",
      "x": 191,
      "y": 104
    },
    {
      "t": "and2",
      "x": 197,
      "y": 104
    },
    {
      "t": "and2",
      "x": 172,
      "y": 68
    },
    {
      "t": "and2",
      "x": 172,
      "y": 62
    },
    {
      "t": "inv",
      "x": 168,
      "y": 68
    },
    {
      "t": "or2",
      "x": 179,
      "y": 68
    },
    {
      "t": "or2",
      "x": 179,
      "y": 62
    },
    {
      "t": "or2",
      "x": 189,
      "y": 68
    },
    {
      "t": "or2",
      "x": 196,
      "y": 68
    },
    {
      "t": "or2",
      "x": 194,
      "y": 92
    },
    {
      "t": "and2",
      "x": 242,
      "y": 68
    },
    {
      "t": "and2",
      "x": 242,
      "y": 62
    },
    {
      "t": "inv",
      "x": 239,
      "y": 62
    },
    {
      "t": "or2",
      "x": 255,
      "y": 68
    },
    {
      "t": "or2",
      "x": 262,
      "y": 68
    },
    {
      "t": "or2",
      "x": 263,
      "y": 86
    },
    {
      "t": "or2",
      "x": 256,
      "y": 86
    },
    {
      "t": "and2",
      "x": 242,
      "y": 80
    },
    {
      "t": "and2",
      "x": 242,
      "y": 86
    },
    {
      "t": "inv",
      "x": 238,
      "y": 80
    },
    {
      "t": "or2",
      "x": 240,
      "y": 98
    },
    {
      "t": "or2",
      "x": 247,
      "y": 98
    },
    {
      "t": "and2",
      "x": 256,
      "y": 98
    },
    {
      "t": "and2",
      "x": 263,
      "y": 98
    },
    {
      "t": "and2",
      "x": 273,
      "y": 86
    },
    {
      "t": "and2",
      "x": 274,
      "y": 80
    },
    {
      "t": "inv",
      "x": 253,
      "y": 92
    },
    {
      "t": "inv",
      "x": 249,
      "y": 92
    },
    {
      "t": "or2",
      "x": 260,
      "y": 80
    },
    {
      "t": "dfxtp",
      "x": 127,
      "y": 25
    },
    {
      "t": "dfxtp",
      "x": 147,
      "y": 25
    },
    {
      "t": "dfxtp",
      "x": 167,
      "y": 25
    },
    {
      "t": "dfxtp",
      "x": 187,
      "y": 25
    },
    {
      "t": "dfxtp",
      "x": 127,
      "y": 43
    },
    {
      "t": "dfxtp",
      "x": 157,
      "y": 43
    },
    {
      "t": "dfxtp",
      "x": 185,
      "y": 43
    },
    {
      "t": "dfxtp",
      "x": 216,
      "y": 43
    },
    {
      "t": "dfxtp",
      "x": 251,
      "y": 43
    },
    {
      "t": "and2",
      "x": 127,
      "y": 31
    },
    {
      "t": "xor2",
      "x": 164,
      "y": 121
    },
    {
      "t": "xor2",
      "x": 164,
      "y": 127
    },
    {
      "t": "xor2",
      "x": 164,
      "y": 133
    },
    {
      "t": "xor2",
      "x": 164,
      "y": 139
    },
    {
      "t": "xor2",
      "x": 164,
      "y": 145
    },
    {
      "t": "and2",
      "x": 173,
      "y": 133
    },
    {
      "t": "and2",
      "x": 173,
      "y": 139
    },
    {
      "t": "and2",
      "x": 175,
      "y": 127
    },
    {
      "t": "and2",
      "x": 176,
      "y": 121
    }
  ],
  "horizontal": [
    {
      "x1": 103,
      "y1": 76,
      "x2": 107,
      "y2": 76
    },
    {
      "x1": 102,
      "y1": 77,
      "x2": 95,
      "y2": 77
    },
    {
      "x1": 109,
      "y1": 74,
      "x2": 95,
      "y2": 74
    },
    {
      "x1": 111,
      "y1": 76,
      "x2": 120,
      "y2": 76
    },
    {
      "x1": 135,
      "y1": 65,
      "x2": 124,
      "y2": 65
    },
    {
      "x1": 132,
      "y1": 77,
      "x2": 129,
      "y2": 77
    },
    {
      "x1": 137,
      "y1": 63,
      "x2": 124,
      "y2": 63
    },
    {
      "x1": 133,
      "y1": 72,
      "x2": 124,
      "y2": 72
    },
    {
      "x1": 137,
      "y1": 65,
      "x2": 142,
      "y2": 65
    },
    {
      "x1": 143,
      "y1": 77,
      "x2": 140,
      "y2": 77
    },
    {
      "x1": 133,
      "y1": 70,
      "x2": 137,
      "y2": 70
    },
    {
      "x1": 142,
      "y1": 78,
      "x2": 134,
      "y2": 78
    },
    {
      "x1": 136,
      "y1": 73,
      "x2": 146,
      "y2": 73
    },
    {
      "x1": 135,
      "y1": 68,
      "x2": 140,
      "y2": 68
    },
    {
      "x1": 141,
      "y1": 71,
      "x2": 144,
      "y2": 71
    },
    {
      "x1": 139,
      "y1": 62,
      "x2": 153,
      "y2": 62
    },
    {
      "x1": 149,
      "y1": 70,
      "x2": 153,
      "y2": 70
    },
    {
      "x1": 149,
      "y1": 70,
      "x2": 148,
      "y2": 70
    },
    {
      "x1": 135,
      "y1": 69,
      "x2": 146,
      "y2": 69
    },
    {
      "x1": 146,
      "y1": 66,
      "x2": 153,
      "y2": 66
    },
    {
      "x1": 109,
      "y1": 89,
      "x2": 118,
      "y2": 89
    },
    {
      "x1": 118,
      "y1": 94,
      "x2": 120,
      "y2": 94
    },
    {
      "x1": 109,
      "y1": 94,
      "x2": 116,
      "y2": 94
    },
    {
      "x1": 117,
      "y1": 95,
      "x2": 122,
      "y2": 95
    },
    {
      "x1": 116,
      "y1": 90,
      "x2": 120,
      "y2": 90
    },
    {
      "x1": 122,
      "y1": 88,
      "x2": 126,
      "y2": 88
    },
    {
      "x1": 128,
      "y1": 86,
      "x2": 109,
      "y2": 86
    },
    {
      "x1": 130,
      "y1": 92,
      "x2": 129,
      "y2": 92
    },
    {
      "x1": 127,
      "y1": 97,
      "x2": 109,
      "y2": 97
    },
    {
      "x1": 131,
      "y1": 94,
      "x2": 139,
      "y2": 94
    },
    {
      "x1": 124,
      "y1": 90,
      "x2": 139,
      "y2": 90
    },
    {
      "x1": 102,
      "y1": 106,
      "x2": 85,
      "y2": 106
    },
    {
      "x1": 93,
      "y1": 112,
      "x2": 85,
      "y2": 112
    },
    {
      "x1": 95,
      "y1": 114,
      "x2": 85,
      "y2": 114
    },
    {
      "x1": 97,
      "y1": 114,
      "x2": 102,
      "y2": 114
    },
    {
      "x1": 104,
      "y1": 104,
      "x2": 85,
      "y2": 104
    },
    {
      "x1": 106,
      "y1": 107,
      "x2": 113,
      "y2": 107
    },
    {
      "x1": 104,
      "y1": 112,
      "x2": 113,
      "y2": 112
    },
    {
      "x1": 168,
      "y1": 70,
      "x2": 160,
      "y2": 70
    },
    {
      "x1": 169,
      "y1": 71,
      "x2": 174,
      "y2": 71
    },
    {
      "x1": 172,
      "y1": 68,
      "x2": 160,
      "y2": 68
    },
    {
      "x1": 168,
      "y1": 66,
      "x2": 174,
      "y2": 66
    },
    {
      "x1": 176,
      "y1": 71,
      "x2": 179,
      "y2": 71
    },
    {
      "x1": 181,
      "y1": 73,
      "x2": 160,
      "y2": 73
    },
    {
      "x1": 179,
      "y1": 63,
      "x2": 160,
      "y2": 63
    },
    {
      "x1": 183,
      "y1": 67,
      "x2": 181,
      "y2": 67
    },
    {
      "x1": 183,
      "y1": 65,
      "x2": 211,
      "y2": 65
    },
    {
      "x1": 176,
      "y1": 66,
      "x2": 189,
      "y2": 66
    },
    {
      "x1": 166,
      "y1": 76,
      "x2": 160,
      "y2": 76
    },
    {
      "x1": 168,
      "y1": 78,
      "x2": 160,
      "y2": 78
    },
    {
      "x1": 169,
      "y1": 81,
      "x2": 160,
      "y2": 81
    },
    {
      "x1": 167,
      "y1": 83,
      "x2": 160,
      "y2": 83
    },
    {
      "x1": 165,
      "y1": 88,
      "x2": 160,
      "y2": 88
    },
    {
      "x1": 168,
      "y1": 90,
      "x2": 160,
      "y2": 90
    },
    {
      "x1": 166,
      "y1": 88,
      "x2": 165,
      "y2": 88
    },
    {
      "x1": 169,
      "y1": 93,
      "x2": 160,
      "y2": 93
    },
    {
      "x1": 167,
      "y1": 95,
      "x2": 160,
      "y2": 95
    },
    {
      "x1": 170,
      "y1": 77,
      "x2": 177,
      "y2": 77
    },
    {
      "x1": 171,
      "y1": 82,
      "x2": 177,
      "y2": 82
    },
    {
      "x1": 170,
      "y1": 89,
      "x2": 177,
      "y2": 89
    },
    {
      "x1": 171,
      "y1": 94,
      "x2": 177,
      "y2": 94
    },
    {
      "x1": 177,
      "y1": 101,
      "x2": 160,
      "y2": 101
    },
    {
      "x1": 179,
      "y1": 85,
      "x2": 160,
      "y2": 85
    },
    {
      "x1": 181,
      "y1": 74,
      "x2": 211,
      "y2": 74
    },
    {
      "x1": 181,
      "y1": 86,
      "x2": 211,
      "y2": 86
    },
    {
      "x1": 181,
      "y1": 98,
      "x2": 211,
      "y2": 98
    },
    {
      "x1": 181,
      "y1": 95,
      "x2": 183,
      "y2": 95
    },
    {
      "x1": 183,
      "y1": 75,
      "x2": 191,
      "y2": 75
    },
    {
      "x1": 181,
      "y1": 83,
      "x2": 190,
      "y2": 83
    },
    {
      "x1": 190,
      "y1": 95,
      "x2": 194,
      "y2": 95
    },
    {
      "x1": 193,
      "y1": 70,
      "x2": 196,
      "y2": 70
    },
    {
      "x1": 196,
      "y1": 71,
      "x2": 196,
      "y2": 71
    },
    {
      "x1": 194,
      "y1": 82,
      "x2": 195,
      "y2": 82
    },
    {
      "x1": 195,
      "y1": 97,
      "x2": 193,
      "y2": 97
    },
    {
      "x1": 193,
      "y1": 103,
      "x2": 160,
      "y2": 103
    },
    {
      "x1": 192,
      "y1": 80,
      "x2": 160,
      "y2": 80
    },
    {
      "x1": 192,
      "y1": 79,
      "x2": 160,
      "y2": 79
    },
    {
      "x1": 191,
      "y1": 105,
      "x2": 160,
      "y2": 105
    },
    {
      "x1": 193,
      "y1": 108,
      "x2": 160,
      "y2": 108
    },
    {
      "x1": 195,
      "y1": 107,
      "x2": 196,
      "y2": 107
    },
    {
      "x1": 196,
      "y1": 96,
      "x2": 193,
      "y2": 96
    },
    {
      "x1": 197,
      "y1": 88,
      "x2": 211,
      "y2": 88
    },
    {
      "x1": 191,
      "y1": 100,
      "x2": 187,
      "y2": 100
    },
    {
      "x1": 195,
      "y1": 100,
      "x2": 197,
      "y2": 100
    },
    {
      "x1": 201,
      "y1": 101,
      "x2": 199,
      "y2": 101
    },
    {
      "x1": 201,
      "y1": 95,
      "x2": 196,
      "y2": 95
    },
    {
      "x1": 198,
      "y1": 94,
      "x2": 211,
      "y2": 94
    },
    {
      "x1": 199,
      "y1": 102,
      "x2": 188,
      "y2": 102
    },
    {
      "x1": 188,
      "y1": 95,
      "x2": 187,
      "y2": 95
    },
    {
      "x1": 197,
      "y1": 109,
      "x2": 187,
      "y2": 109
    },
    {
      "x1": 195,
      "y1": 107,
      "x2": 188,
      "y2": 107
    },
    {
      "x1": 188,
      "y1": 106,
      "x2": 186,
      "y2": 106
    },
    {
      "x1": 185,
      "y1": 94,
      "x2": 186,
      "y2": 94
    },
    {
      "x1": 184,
      "y1": 101,
      "x2": 186,
      "y2": 101
    },
    {
      "x1": 196,
      "y1": 76,
      "x2": 211,
      "y2": 76
    },
    {
      "x1": 196,
      "y1": 83,
      "x2": 198,
      "y2": 83
    },
    {
      "x1": 200,
      "y1": 70,
      "x2": 211,
      "y2": 70
    },
    {
      "x1": 239,
      "y1": 65,
      "x2": 229,
      "y2": 65
    },
    {
      "x1": 240,
      "y1": 64,
      "x2": 242,
      "y2": 64
    },
    {
      "x1": 239,
      "y1": 70,
      "x2": 242,
      "y2": 70
    },
    {
      "x1": 229,
      "y1": 67,
      "x2": 244,
      "y2": 67
    },
    {
      "x1": 246,
      "y1": 64,
      "x2": 290,
      "y2": 64
    },
    {
      "x1": 246,
      "y1": 71,
      "x2": 255,
      "y2": 71
    },
    {
      "x1": 238,
      "y1": 82,
      "x2": 229,
      "y2": 82
    },
    {
      "x1": 239,
      "y1": 83,
      "x2": 242,
      "y2": 83
    },
    {
      "x1": 244,
      "y1": 85,
      "x2": 229,
      "y2": 85
    },
    {
      "x1": 242,
      "y1": 89,
      "x2": 238,
      "y2": 89
    },
    {
      "x1": 246,
      "y1": 88,
      "x2": 251,
      "y2": 88
    },
    {
      "x1": 251,
      "y1": 75,
      "x2": 257,
      "y2": 75
    },
    {
      "x1": 246,
      "y1": 83,
      "x2": 248,
      "y2": 83
    },
    {
      "x1": 248,
      "y1": 87,
      "x2": 256,
      "y2": 87
    },
    {
      "x1": 258,
      "y1": 91,
      "x2": 229,
      "y2": 91
    },
    {
      "x1": 265,
      "y1": 93,
      "x2": 229,
      "y2": 93
    },
    {
      "x1": 240,
      "y1": 100,
      "x2": 229,
      "y2": 100
    },
    {
      "x1": 242,
      "y1": 102,
      "x2": 229,
      "y2": 102
    },
    {
      "x1": 244,
      "y1": 101,
      "x2": 247,
      "y2": 101
    },
    {
      "x1": 249,
      "y1": 98,
      "x2": 229,
      "y2": 98
    },
    {
      "x1": 251,
      "y1": 101,
      "x2": 256,
      "y2": 101
    },
    {
      "x1": 256,
      "y1": 94,
      "x2": 253,
      "y2": 94
    },
    {
      "x1": 254,
      "y1": 96,
      "x2": 275,
      "y2": 96
    },
    {
      "x1": 263,
      "y1": 103,
      "x2": 229,
      "y2": 103
    },
    {
      "x1": 258,
      "y1": 97,
      "x2": 229,
      "y2": 97
    },
    {
      "x1": 258,
      "y1": 97,
      "x2": 265,
      "y2": 97
    },
    {
      "x1": 265,
      "y1": 97,
      "x2": 276,
      "y2": 97
    },
    {
      "x1": 277,
      "y1": 85,
      "x2": 274,
      "y2": 85
    },
    {
      "x1": 250,
      "y1": 92,
      "x2": 273,
      "y2": 92
    },
    {
      "x1": 249,
      "y1": 94,
      "x2": 248,
      "y2": 94
    },
    {
      "x1": 267,
      "y1": 83,
      "x2": 262,
      "y2": 83
    },
    {
      "x1": 264,
      "y1": 82,
      "x2": 269,
      "y2": 82
    },
    {
      "x1": 269,
      "y1": 95,
      "x2": 290,
      "y2": 95
    },
    {
      "x1": 267,
      "y1": 94,
      "x2": 263,
      "y2": 94
    },
    {
      "x1": 278,
      "y1": 77,
      "x2": 264,
      "y2": 77
    },
    {
      "x1": 259,
      "y1": 70,
      "x2": 262,
      "y2": 70
    },
    {
      "x1": 266,
      "y1": 70,
      "x2": 290,
      "y2": 70
    },
    {
      "x1": 125,
      "y1": 27,
      "x2": 113,
      "y2": 27
    },
    {
      "x1": 113,
      "y1": 27,
      "x2": 127,
      "y2": 27
    },
    {
      "x1": 127,
      "y1": 26,
      "x2": 147,
      "y2": 26
    },
    {
      "x1": 147,
      "y1": 26,
      "x2": 167,
      "y2": 26
    },
    {
      "x1": 167,
      "y1": 26,
      "x2": 187,
      "y2": 26
    },
    {
      "x1": 143,
      "y1": 28,
      "x2": 150,
      "y2": 28
    },
    {
      "x1": 164,
      "y1": 28,
      "x2": 170,
      "y2": 28
    },
    {
      "x1": 183,
      "y1": 28,
      "x2": 190,
      "y2": 28
    },
    {
      "x1": 130,
      "y1": 29,
      "x2": 113,
      "y2": 29
    },
    {
      "x1": 143,
      "y1": 45,
      "x2": 160,
      "y2": 45
    },
    {
      "x1": 174,
      "y1": 45,
      "x2": 188,
      "y2": 45
    },
    {
      "x1": 188,
      "y1": 46,
      "x2": 188,
      "y2": 46
    },
    {
      "x1": 201,
      "y1": 45,
      "x2": 219,
      "y2": 45
    },
    {
      "x1": 232,
      "y1": 45,
      "x2": 254,
      "y2": 45
    },
    {
      "x1": 267,
      "y1": 41,
      "x2": 130,
      "y2": 41
    },
    {
      "x1": 127,
      "y1": 47,
      "x2": 157,
      "y2": 47
    },
    {
      "x1": 157,
      "y1": 47,
      "x2": 185,
      "y2": 47
    },
    {
      "x1": 185,
      "y1": 47,
      "x2": 216,
      "y2": 47
    },
    {
      "x1": 216,
      "y1": 47,
      "x2": 251,
      "y2": 47
    },
    {
      "x1": 131,
      "y1": 39,
      "x2": 127,
      "y2": 39
    },
    {
      "x1": 129,
      "y1": 33,
      "x2": 203,
      "y2": 33
    },
    {
      "x1": 166,
      "y1": 115,
      "x2": 144,
      "y2": 115
    },
    {
      "x1": 144,
      "y1": 115,
      "x2": 196,
      "y2": 115
    },
    {
      "x1": 166,
      "y1": 130,
      "x2": 167,
      "y2": 130
    },
    {
      "x1": 167,
      "y1": 116,
      "x2": 144,
      "y2": 116
    },
    {
      "x1": 167,
      "y1": 116,
      "x2": 196,
      "y2": 116
    },
    {
      "x1": 166,
      "y1": 135,
      "x2": 168,
      "y2": 135
    },
    {
      "x1": 168,
      "y1": 117,
      "x2": 196,
      "y2": 117
    },
    {
      "x1": 168,
      "y1": 117,
      "x2": 144,
      "y2": 117
    },
    {
      "x1": 166,
      "y1": 142,
      "x2": 164,
      "y2": 142
    },
    {
      "x1": 164,
      "y1": 118,
      "x2": 144,
      "y2": 118
    },
    {
      "x1": 164,
      "y1": 118,
      "x2": 196,
      "y2": 118
    },
    {
      "x1": 166,
      "y1": 147,
      "x2": 163,
      "y2": 147
    },
    {
      "x1": 163,
      "y1": 119,
      "x2": 144,
      "y2": 119
    },
    {
      "x1": 144,
      "y1": 119,
      "x2": 196,
      "y2": 119
    },
    {
      "x1": 169,
      "y1": 145,
      "x2": 175,
      "y2": 145
    },
    {
      "x1": 169,
      "y1": 141,
      "x2": 173,
      "y2": 141
    },
    {
      "x1": 169,
      "y1": 136,
      "x2": 173,
      "y2": 136
    },
    {
      "x1": 169,
      "y1": 132,
      "x2": 175,
      "y2": 132
    },
    {
      "x1": 177,
      "y1": 131,
      "x2": 175,
      "y2": 131
    },
    {
      "x1": 177,
      "y1": 142,
      "x2": 178,
      "y2": 142
    },
    {
      "x1": 178,
      "y1": 129,
      "x2": 177,
      "y2": 129
    },
    {
      "x1": 169,
      "y1": 121,
      "x2": 176,
      "y2": 121
    },
    {
      "x1": 179,
      "y1": 124,
      "x2": 178,
      "y2": 124
    },
    {
      "x1": 180,
      "y1": 123,
      "x2": 196,
      "y2": 123
    }
  ],
  "vertical": [
    {
      "x1": 107,
      "y1": 76,
      "x2": 107,
      "y2": 77
    },
    {
      "x1": 109,
      "y1": 77,
      "x2": 109,
      "y2": 74
    },
    {
      "x1": 131,
      "y1": 70,
      "x2": 131,
      "y2": 65
    },
    {
      "x1": 129,
      "y1": 77,
      "x2": 129,
      "y2": 65
    },
    {
      "x1": 137,
      "y1": 65,
      "x2": 137,
      "y2": 63
    },
    {
      "x1": 133,
      "y1": 70,
      "x2": 133,
      "y2": 72
    },
    {
      "x1": 143,
      "y1": 64,
      "x2": 143,
      "y2": 77
    },
    {
      "x1": 138,
      "y1": 71,
      "x2": 138,
      "y2": 77
    },
    {
      "x1": 142,
      "y1": 76,
      "x2": 142,
      "y2": 78
    },
    {
      "x1": 134,
      "y1": 78,
      "x2": 134,
      "y2": 77
    },
    {
      "x1": 136,
      "y1": 76,
      "x2": 136,
      "y2": 73
    },
    {
      "x1": 146,
      "y1": 73,
      "x2": 146,
      "y2": 71
    },
    {
      "x1": 135,
      "y1": 65,
      "x2": 135,
      "y2": 68
    },
    {
      "x1": 140,
      "y1": 68,
      "x2": 140,
      "y2": 70
    },
    {
      "x1": 139,
      "y1": 64,
      "x2": 139,
      "y2": 62
    },
    {
      "x1": 135,
      "y1": 71,
      "x2": 135,
      "y2": 69
    },
    {
      "x1": 146,
      "y1": 69,
      "x2": 146,
      "y2": 67
    },
    {
      "x1": 146,
      "y1": 67,
      "x2": 146,
      "y2": 66
    },
    {
      "x1": 118,
      "y1": 89,
      "x2": 118,
      "y2": 94
    },
    {
      "x1": 122,
      "y1": 95,
      "x2": 122,
      "y2": 94
    },
    {
      "x1": 116,
      "y1": 94,
      "x2": 116,
      "y2": 91
    },
    {
      "x1": 116,
      "y1": 91,
      "x2": 116,
      "y2": 90
    },
    {
      "x1": 120,
      "y1": 90,
      "x2": 120,
      "y2": 89
    },
    {
      "x1": 128,
      "y1": 88,
      "x2": 128,
      "y2": 86
    },
    {
      "x1": 130,
      "y1": 89,
      "x2": 130,
      "y2": 92
    },
    {
      "x1": 129,
      "y1": 92,
      "x2": 129,
      "y2": 95
    },
    {
      "x1": 127,
      "y1": 95,
      "x2": 127,
      "y2": 97
    },
    {
      "x1": 124,
      "y1": 95,
      "x2": 124,
      "y2": 90
    },
    {
      "x1": 100,
      "y1": 113,
      "x2": 100,
      "y2": 106
    },
    {
      "x1": 95,
      "y1": 112,
      "x2": 95,
      "y2": 114
    },
    {
      "x1": 97,
      "y1": 113,
      "x2": 97,
      "y2": 114
    },
    {
      "x1": 102,
      "y1": 114,
      "x2": 102,
      "y2": 113
    },
    {
      "x1": 104,
      "y1": 106,
      "x2": 104,
      "y2": 104
    },
    {
      "x1": 174,
      "y1": 71,
      "x2": 174,
      "y2": 70
    },
    {
      "x1": 172,
      "y1": 70,
      "x2": 172,
      "y2": 68
    },
    {
      "x1": 172,
      "y1": 68,
      "x2": 172,
      "y2": 65
    },
    {
      "x1": 168,
      "y1": 70,
      "x2": 168,
      "y2": 66
    },
    {
      "x1": 174,
      "y1": 66,
      "x2": 174,
      "y2": 65
    },
    {
      "x1": 181,
      "y1": 71,
      "x2": 181,
      "y2": 73
    },
    {
      "x1": 179,
      "y1": 64,
      "x2": 179,
      "y2": 63
    },
    {
      "x1": 183,
      "y1": 70,
      "x2": 183,
      "y2": 67
    },
    {
      "x1": 181,
      "y1": 67,
      "x2": 181,
      "y2": 64
    },
    {
      "x1": 176,
      "y1": 64,
      "x2": 176,
      "y2": 66
    },
    {
      "x1": 189,
      "y1": 66,
      "x2": 189,
      "y2": 71
    },
    {
      "x1": 168,
      "y1": 76,
      "x2": 168,
      "y2": 78
    },
    {
      "x1": 169,
      "y1": 83,
      "x2": 169,
      "y2": 81
    },
    {
      "x1": 168,
      "y1": 88,
      "x2": 168,
      "y2": 90
    },
    {
      "x1": 169,
      "y1": 95,
      "x2": 169,
      "y2": 93
    },
    {
      "x1": 179,
      "y1": 101,
      "x2": 179,
      "y2": 94
    },
    {
      "x1": 179,
      "y1": 94,
      "x2": 179,
      "y2": 89
    },
    {
      "x1": 179,
      "y1": 89,
      "x2": 179,
      "y2": 82
    },
    {
      "x1": 179,
      "y1": 82,
      "x2": 179,
      "y2": 77
    },
    {
      "x1": 181,
      "y1": 76,
      "x2": 181,
      "y2": 74
    },
    {
      "x1": 181,
      "y1": 88,
      "x2": 181,
      "y2": 86
    },
    {
      "x1": 181,
      "y1": 100,
      "x2": 181,
      "y2": 98
    },
    {
      "x1": 183,
      "y1": 95,
      "x2": 183,
      "y2": 75
    },
    {
      "x1": 191,
      "y1": 75,
      "x2": 191,
      "y2": 71
    },
    {
      "x1": 190,
      "y1": 83,
      "x2": 190,
      "y2": 95
    },
    {
      "x1": 196,
      "y1": 70,
      "x2": 196,
      "y2": 71
    },
    {
      "x1": 194,
      "y1": 77,
      "x2": 194,
      "y2": 82
    },
    {
      "x1": 195,
      "y1": 82,
      "x2": 195,
      "y2": 89
    },
    {
      "x1": 195,
      "y1": 89,
      "x2": 195,
      "y2": 97
    },
    {
      "x1": 193,
      "y1": 97,
      "x2": 193,
      "y2": 101
    },
    {
      "x1": 193,
      "y1": 101,
      "x2": 193,
      "y2": 103
    },
    {
      "x1": 192,
      "y1": 82,
      "x2": 192,
      "y2": 80
    },
    {
      "x1": 192,
      "y1": 77,
      "x2": 192,
      "y2": 79
    },
    {
      "x1": 191,
      "y1": 106,
      "x2": 191,
      "y2": 105
    },
    {
      "x1": 193,
      "y1": 106,
      "x2": 193,
      "y2": 108
    },
    {
      "x1": 196,
      "y1": 107,
      "x2": 196,
      "y2": 96
    },
    {
      "x1": 193,
      "y1": 96,
      "x2": 193,
      "y2": 89
    },
    {
      "x1": 191,
      "y1": 101,
      "x2": 191,
      "y2": 100
    },
    {
      "x1": 197,
      "y1": 100,
      "x2": 197,
      "y2": 101
    },
    {
      "x1": 201,
      "y1": 107,
      "x2": 201,
      "y2": 101
    },
    {
      "x1": 201,
      "y1": 100,
      "x2": 201,
      "y2": 95
    },
    {
      "x1": 199,
      "y1": 106,
      "x2": 199,
      "y2": 102
    },
    {
      "x1": 188,
      "y1": 102,
      "x2": 188,
      "y2": 95
    },
    {
      "x1": 197,
      "y1": 106,
      "x2": 197,
      "y2": 109
    },
    {
      "x1": 187,
      "y1": 109,
      "x2": 187,
      "y2": 107
    },
    {
      "x1": 188,
      "y1": 107,
      "x2": 188,
      "y2": 106
    },
    {
      "x1": 185,
      "y1": 80,
      "x2": 185,
      "y2": 94
    },
    {
      "x1": 184,
      "y1": 79,
      "x2": 184,
      "y2": 101
    },
    {
      "x1": 198,
      "y1": 83,
      "x2": 198,
      "y2": 71
    },
    {
      "x1": 242,
      "y1": 64,
      "x2": 242,
      "y2": 65
    },
    {
      "x1": 239,
      "y1": 65,
      "x2": 239,
      "y2": 70
    },
    {
      "x1": 244,
      "y1": 67,
      "x2": 244,
      "y2": 65
    },
    {
      "x1": 244,
      "y1": 65,
      "x2": 244,
      "y2": 67
    },
    {
      "x1": 244,
      "y1": 67,
      "x2": 244,
      "y2": 70
    },
    {
      "x1": 242,
      "y1": 83,
      "x2": 242,
      "y2": 82
    },
    {
      "x1": 244,
      "y1": 82,
      "x2": 244,
      "y2": 85
    },
    {
      "x1": 244,
      "y1": 85,
      "x2": 244,
      "y2": 89
    },
    {
      "x1": 238,
      "y1": 89,
      "x2": 238,
      "y2": 82
    },
    {
      "x1": 251,
      "y1": 88,
      "x2": 251,
      "y2": 75
    },
    {
      "x1": 257,
      "y1": 75,
      "x2": 257,
      "y2": 71
    },
    {
      "x1": 248,
      "y1": 83,
      "x2": 248,
      "y2": 87
    },
    {
      "x1": 256,
      "y1": 87,
      "x2": 256,
      "y2": 88
    },
    {
      "x1": 258,
      "y1": 88,
      "x2": 258,
      "y2": 91
    },
    {
      "x1": 265,
      "y1": 88,
      "x2": 265,
      "y2": 93
    },
    {
      "x1": 242,
      "y1": 100,
      "x2": 242,
      "y2": 102
    },
    {
      "x1": 247,
      "y1": 101,
      "x2": 247,
      "y2": 100
    },
    {
      "x1": 249,
      "y1": 100,
      "x2": 249,
      "y2": 98
    },
    {
      "x1": 256,
      "y1": 101,
      "x2": 256,
      "y2": 94
    },
    {
      "x1": 254,
      "y1": 95,
      "x2": 254,
      "y2": 96
    },
    {
      "x1": 275,
      "y1": 96,
      "x2": 275,
      "y2": 89
    },
    {
      "x1": 263,
      "y1": 101,
      "x2": 263,
      "y2": 103
    },
    {
      "x1": 258,
      "y1": 101,
      "x2": 258,
      "y2": 97
    },
    {
      "x1": 265,
      "y1": 97,
      "x2": 265,
      "y2": 101
    },
    {
      "x1": 276,
      "y1": 97,
      "x2": 276,
      "y2": 82
    },
    {
      "x1": 277,
      "y1": 88,
      "x2": 277,
      "y2": 85
    },
    {
      "x1": 274,
      "y1": 85,
      "x2": 274,
      "y2": 82
    },
    {
      "x1": 250,
      "y1": 95,
      "x2": 250,
      "y2": 92
    },
    {
      "x1": 273,
      "y1": 92,
      "x2": 273,
      "y2": 89
    },
    {
      "x1": 248,
      "y1": 94,
      "x2": 248,
      "y2": 103
    },
    {
      "x1": 260,
      "y1": 89,
      "x2": 260,
      "y2": 83
    },
    {
      "x1": 267,
      "y1": 89,
      "x2": 267,
      "y2": 83
    },
    {
      "x1": 269,
      "y1": 82,
      "x2": 269,
      "y2": 95
    },
    {
      "x1": 267,
      "y1": 100,
      "x2": 267,
      "y2": 94
    },
    {
      "x1": 263,
      "y1": 94,
      "x2": 263,
      "y2": 88
    },
    {
      "x1": 278,
      "y1": 83,
      "x2": 278,
      "y2": 77
    },
    {
      "x1": 264,
      "y1": 77,
      "x2": 264,
      "y2": 71
    },
    {
      "x1": 262,
      "y1": 70,
      "x2": 262,
      "y2": 71
    },
    {
      "x1": 127,
      "y1": 27,
      "x2": 127,
      "y2": 26
    },
    {
      "x1": 147,
      "y1": 26,
      "x2": 147,
      "y2": 27
    },
    {
      "x1": 147,
      "y1": 27,
      "x2": 147,
      "y2": 26
    },
    {
      "x1": 167,
      "y1": 26,
      "x2": 167,
      "y2": 27
    },
    {
      "x1": 167,
      "y1": 27,
      "x2": 167,
      "y2": 26
    },
    {
      "x1": 187,
      "y1": 26,
      "x2": 187,
      "y2": 27
    },
    {
      "x1": 187,
      "y1": 27,
      "x2": 187,
      "y2": 26
    },
    {
      "x1": 150,
      "y1": 28,
      "x2": 150,
      "y2": 27
    },
    {
      "x1": 170,
      "y1": 28,
      "x2": 170,
      "y2": 27
    },
    {
      "x1": 190,
      "y1": 28,
      "x2": 190,
      "y2": 27
    },
    {
      "x1": 130,
      "y1": 27,
      "x2": 130,
      "y2": 29
    },
    {
      "x1": 160,
      "y1": 45,
      "x2": 160,
      "y2": 46
    },
    {
      "x1": 188,
      "y1": 45,
      "x2": 188,
      "y2": 46
    },
    {
      "x1": 219,
      "y1": 45,
      "x2": 219,
      "y2": 46
    },
    {
      "x1": 254,
      "y1": 45,
      "x2": 254,
      "y2": 46
    },
    {
      "x1": 267,
      "y1": 45,
      "x2": 267,
      "y2": 41
    },
    {
      "x1": 130,
      "y1": 41,
      "x2": 130,
      "y2": 46
    },
    {
      "x1": 127,
      "y1": 46,
      "x2": 127,
      "y2": 47
    },
    {
      "x1": 157,
      "y1": 47,
      "x2": 157,
      "y2": 46
    },
    {
      "x1": 157,
      "y1": 46,
      "x2": 157,
      "y2": 47
    },
    {
      "x1": 185,
      "y1": 47,
      "x2": 185,
      "y2": 46
    },
    {
      "x1": 185,
      "y1": 46,
      "x2": 185,
      "y2": 47
    },
    {
      "x1": 216,
      "y1": 47,
      "x2": 216,
      "y2": 46
    },
    {
      "x1": 216,
      "y1": 46,
      "x2": 216,
      "y2": 47
    },
    {
      "x1": 251,
      "y1": 47,
      "x2": 251,
      "y2": 46
    },
    {
      "x1": 251,
      "y1": 46,
      "x2": 251,
      "y2": 47
    },
    {
      "x1": 203,
      "y1": 28,
      "x2": 203,
      "y2": 33
    },
    {
      "x1": 127,
      "y1": 27,
      "x2": 127,
      "y2": 33
    },
    {
      "x1": 131,
      "y1": 34,
      "x2": 131,
      "y2": 39
    },
    {
      "x1": 127,
      "y1": 39,
      "x2": 127,
      "y2": 46
    },
    {
      "x1": 149,
      "y1": 45,
      "x2": 149,
      "y2": 54
    },
    {
      "x1": 179,
      "y1": 45,
      "x2": 179,
      "y2": 54
    },
    {
      "x1": 209,
      "y1": 45,
      "x2": 209,
      "y2": 54
    },
    {
      "x1": 240,
      "y1": 45,
      "x2": 240,
      "y2": 54
    },
    {
      "x1": 267,
      "y1": 45,
      "x2": 267,
      "y2": 54
    },
    {
      "x1": 166,
      "y1": 123,
      "x2": 166,
      "y2": 115
    },
    {
      "x1": 167,
      "y1": 130,
      "x2": 167,
      "y2": 116
    },
    {
      "x1": 168,
      "y1": 135,
      "x2": 168,
      "y2": 117
    },
    {
      "x1": 164,
      "y1": 142,
      "x2": 164,
      "y2": 118
    },
    {
      "x1": 163,
      "y1": 147,
      "x2": 163,
      "y2": 119
    },
    {
      "x1": 175,
      "y1": 145,
      "x2": 175,
      "y2": 141
    },
    {
      "x1": 169,
      "y1": 144,
      "x2": 169,
      "y2": 141
    },
    {
      "x1": 169,
      "y1": 133,
      "x2": 169,
      "y2": 136
    },
    {
      "x1": 175,
      "y1": 132,
      "x2": 175,
      "y2": 136
    },
    {
      "x1": 177,
      "y1": 134,
      "x2": 177,
      "y2": 131
    },
    {
      "x1": 175,
      "y1": 131,
      "x2": 175,
      "y2": 129
    },
    {
      "x1": 178,
      "y1": 142,
      "x2": 178,
      "y2": 129
    },
    {
      "x1": 176,
      "y1": 121,
      "x2": 176,
      "y2": 124
    },
    {
      "x1": 179,
      "y1": 130,
      "x2": 179,
      "y2": 124
    },
    {
      "x1": 165,
      "y1": 138,
      "x2": 165,
      "y2": 136
    },
    {
      "x1": 165,
      "y1": 129,
      "x2": 165,
      "y2": 127
    },
    {
      "x1": 165,
      "y1": 124,
      "x2": 165,
      "y2": 121
    },
    {
      "x1": 165,
      "y1": 141,
      "x2": 165,
      "y2": 144
    },
    {
      "x1": 165,
      "y1": 148,
      "x2": 165,
      "y2": 150
    }
  ],
  "static": {
    "165 121": {
      "name": "static",
      "x": 165,
      "y": 121
    },
    "165 144": {
      "name": "static",
      "x": 165,
      "y": 144
    },
    "165 127": {
      "name": "static",
      "x": 165,
      "y": 127
    },
    "165 138": {
      "name": "static",
      "x": 165,
      "y": 138
    },
    "165 150": {
      "name": "static",
      "x": 165,
      "y": 150
    }
  },
  "vias": {
    "103 76": {
      "name": "via",
      "x": 103,
      "y": 76
    },
    "107 76": {
      "name": "via",
      "x": 107,
      "y": 76
    },
    "107 77": {
      "name": "via",
      "x": 107,
      "y": 77
    },
    "102 77": {
      "name": "via",
      "x": 102,
      "y": 77
    },
    "95 77": {
      "name": "via",
      "x": 95,
      "y": 77
    },
    "109 77": {
      "name": "via",
      "x": 109,
      "y": 77
    },
    "109 74": {
      "name": "via",
      "x": 109,
      "y": 74
    },
    "95 74": {
      "name": "via",
      "x": 95,
      "y": 74
    },
    "111 76": {
      "name": "via",
      "x": 111,
      "y": 76
    },
    "120 76": {
      "name": "via",
      "x": 120,
      "y": 76
    },
    "135 65": {
      "name": "via",
      "x": 135,
      "y": 65
    },
    "124 65": {
      "name": "via",
      "x": 124,
      "y": 65
    },
    "131 70": {
      "name": "via",
      "x": 131,
      "y": 70
    },
    "131 65": {
      "name": "via",
      "x": 131,
      "y": 65
    },
    "132 77": {
      "name": "via",
      "x": 132,
      "y": 77
    },
    "129 77": {
      "name": "via",
      "x": 129,
      "y": 77
    },
    "129 65": {
      "name": "via",
      "x": 129,
      "y": 65
    },
    "137 65": {
      "name": "via",
      "x": 137,
      "y": 65
    },
    "137 63": {
      "name": "via",
      "x": 137,
      "y": 63
    },
    "124 63": {
      "name": "via",
      "x": 124,
      "y": 63
    },
    "133 70": {
      "name": "via",
      "x": 133,
      "y": 70
    },
    "133 72": {
      "name": "via",
      "x": 133,
      "y": 72
    },
    "124 72": {
      "name": "via",
      "x": 124,
      "y": 72
    },
    "142 65": {
      "name": "via",
      "x": 142,
      "y": 65
    },
    "143 64": {
      "name": "via",
      "x": 143,
      "y": 64
    },
    "143 77": {
      "name": "via",
      "x": 143,
      "y": 77
    },
    "140 77": {
      "name": "via",
      "x": 140,
      "y": 77
    },
    "137 70": {
      "name": "via",
      "x": 137,
      "y": 70
    },
    "138 71": {
      "name": "via",
      "x": 138,
      "y": 71
    },
    "138 77": {
      "name": "via",
      "x": 138,
      "y": 77
    },
    "142 76": {
      "name": "via",
      "x": 142,
      "y": 76
    },
    "142 78": {
      "name": "via",
      "x": 142,
      "y": 78
    },
    "134 78": {
      "name": "via",
      "x": 134,
      "y": 78
    },
    "134 77": {
      "name": "via",
      "x": 134,
      "y": 77
    },
    "136 76": {
      "name": "via",
      "x": 136,
      "y": 76
    },
    "136 73": {
      "name": "via",
      "x": 136,
      "y": 73
    },
    "146 73": {
      "name": "via",
      "x": 146,
      "y": 73
    },
    "146 71": {
      "name": "via",
      "x": 146,
      "y": 71
    },
    "135 68": {
      "name": "via",
      "x": 135,
      "y": 68
    },
    "140 68": {
      "name": "via",
      "x": 140,
      "y": 68
    },
    "140 70": {
      "name": "via",
      "x": 140,
      "y": 70
    },
    "141 71": {
      "name": "via",
      "x": 141,
      "y": 71
    },
    "144 71": {
      "name": "via",
      "x": 144,
      "y": 71
    },
    "139 64": {
      "name": "via",
      "x": 139,
      "y": 64
    },
    "139 62": {
      "name": "via",
      "x": 139,
      "y": 62
    },
    "153 62": {
      "name": "via",
      "x": 153,
      "y": 62
    },
    "153 70": {
      "name": "via",
      "x": 153,
      "y": 70
    },
    "148 70": {
      "name": "via",
      "x": 148,
      "y": 70
    },
    "135 71": {
      "name": "via",
      "x": 135,
      "y": 71
    },
    "135 69": {
      "name": "via",
      "x": 135,
      "y": 69
    },
    "146 69": {
      "name": "via",
      "x": 146,
      "y": 69
    },
    "146 66": {
      "name": "via",
      "x": 146,
      "y": 66
    },
    "153 66": {
      "name": "via",
      "x": 153,
      "y": 66
    },
    "109 89": {
      "name": "via",
      "x": 109,
      "y": 89
    },
    "118 89": {
      "name": "via",
      "x": 118,
      "y": 89
    },
    "118 94": {
      "name": "via",
      "x": 118,
      "y": 94
    },
    "120 94": {
      "name": "via",
      "x": 120,
      "y": 94
    },
    "109 94": {
      "name": "via",
      "x": 109,
      "y": 94
    },
    "116 94": {
      "name": "via",
      "x": 116,
      "y": 94
    },
    "117 95": {
      "name": "via",
      "x": 117,
      "y": 95
    },
    "122 95": {
      "name": "via",
      "x": 122,
      "y": 95
    },
    "122 94": {
      "name": "via",
      "x": 122,
      "y": 94
    },
    "120 89": {
      "name": "via",
      "x": 120,
      "y": 89
    },
    "116 90": {
      "name": "via",
      "x": 116,
      "y": 90
    },
    "120 90": {
      "name": "via",
      "x": 120,
      "y": 90
    },
    "122 88": {
      "name": "via",
      "x": 122,
      "y": 88
    },
    "126 88": {
      "name": "via",
      "x": 126,
      "y": 88
    },
    "128 88": {
      "name": "via",
      "x": 128,
      "y": 88
    },
    "128 86": {
      "name": "via",
      "x": 128,
      "y": 86
    },
    "109 86": {
      "name": "via",
      "x": 109,
      "y": 86
    },
    "130 89": {
      "name": "via",
      "x": 130,
      "y": 89
    },
    "130 92": {
      "name": "via",
      "x": 130,
      "y": 92
    },
    "129 92": {
      "name": "via",
      "x": 129,
      "y": 92
    },
    "129 95": {
      "name": "via",
      "x": 129,
      "y": 95
    },
    "127 95": {
      "name": "via",
      "x": 127,
      "y": 95
    },
    "127 97": {
      "name": "via",
      "x": 127,
      "y": 97
    },
    "109 97": {
      "name": "via",
      "x": 109,
      "y": 97
    },
    "131 94": {
      "name": "via",
      "x": 131,
      "y": 94
    },
    "139 94": {
      "name": "via",
      "x": 139,
      "y": 94
    },
    "124 95": {
      "name": "via",
      "x": 124,
      "y": 95
    },
    "124 90": {
      "name": "via",
      "x": 124,
      "y": 90
    },
    "139 90": {
      "name": "via",
      "x": 139,
      "y": 90
    },
    "102 106": {
      "name": "via",
      "x": 102,
      "y": 106
    },
    "85 106": {
      "name": "via",
      "x": 85,
      "y": 106
    },
    "100 113": {
      "name": "via",
      "x": 100,
      "y": 113
    },
    "100 106": {
      "name": "via",
      "x": 100,
      "y": 106
    },
    "93 112": {
      "name": "via",
      "x": 93,
      "y": 112
    },
    "85 112": {
      "name": "via",
      "x": 85,
      "y": 112
    },
    "95 112": {
      "name": "via",
      "x": 95,
      "y": 112
    },
    "95 114": {
      "name": "via",
      "x": 95,
      "y": 114
    },
    "85 114": {
      "name": "via",
      "x": 85,
      "y": 114
    },
    "97 113": {
      "name": "via",
      "x": 97,
      "y": 113
    },
    "97 114": {
      "name": "via",
      "x": 97,
      "y": 114
    },
    "102 114": {
      "name": "via",
      "x": 102,
      "y": 114
    },
    "102 113": {
      "name": "via",
      "x": 102,
      "y": 113
    },
    "104 106": {
      "name": "via",
      "x": 104,
      "y": 106
    },
    "104 104": {
      "name": "via",
      "x": 104,
      "y": 104
    },
    "85 104": {
      "name": "via",
      "x": 85,
      "y": 104
    },
    "106 107": {
      "name": "via",
      "x": 106,
      "y": 107
    },
    "113 107": {
      "name": "via",
      "x": 113,
      "y": 107
    },
    "104 112": {
      "name": "via",
      "x": 104,
      "y": 112
    },
    "113 112": {
      "name": "via",
      "x": 113,
      "y": 112
    },
    "168 70": {
      "name": "via",
      "x": 168,
      "y": 70
    },
    "160 70": {
      "name": "via",
      "x": 160,
      "y": 70
    },
    "169 71": {
      "name": "via",
      "x": 169,
      "y": 71
    },
    "174 71": {
      "name": "via",
      "x": 174,
      "y": 71
    },
    "174 70": {
      "name": "via",
      "x": 174,
      "y": 70
    },
    "172 70": {
      "name": "via",
      "x": 172,
      "y": 70
    },
    "172 68": {
      "name": "via",
      "x": 172,
      "y": 68
    },
    "160 68": {
      "name": "via",
      "x": 160,
      "y": 68
    },
    "172 65": {
      "name": "via",
      "x": 172,
      "y": 65
    },
    "168 66": {
      "name": "via",
      "x": 168,
      "y": 66
    },
    "174 66": {
      "name": "via",
      "x": 174,
      "y": 66
    },
    "174 65": {
      "name": "via",
      "x": 174,
      "y": 65
    },
    "176 64": {
      "name": "via",
      "x": 176,
      "y": 64
    },
    "176 71": {
      "name": "via",
      "x": 176,
      "y": 71
    },
    "179 71": {
      "name": "via",
      "x": 179,
      "y": 71
    },
    "181 71": {
      "name": "via",
      "x": 181,
      "y": 71
    },
    "181 73": {
      "name": "via",
      "x": 181,
      "y": 73
    },
    "160 73": {
      "name": "via",
      "x": 160,
      "y": 73
    },
    "179 64": {
      "name": "via",
      "x": 179,
      "y": 64
    },
    "179 63": {
      "name": "via",
      "x": 179,
      "y": 63
    },
    "160 63": {
      "name": "via",
      "x": 160,
      "y": 63
    },
    "183 70": {
      "name": "via",
      "x": 183,
      "y": 70
    },
    "183 67": {
      "name": "via",
      "x": 183,
      "y": 67
    },
    "181 67": {
      "name": "via",
      "x": 181,
      "y": 67
    },
    "181 64": {
      "name": "via",
      "x": 181,
      "y": 64
    },
    "183 65": {
      "name": "via",
      "x": 183,
      "y": 65
    },
    "211 65": {
      "name": "via",
      "x": 211,
      "y": 65
    },
    "176 66": {
      "name": "via",
      "x": 176,
      "y": 66
    },
    "189 66": {
      "name": "via",
      "x": 189,
      "y": 66
    },
    "189 71": {
      "name": "via",
      "x": 189,
      "y": 71
    },
    "166 76": {
      "name": "via",
      "x": 166,
      "y": 76
    },
    "160 76": {
      "name": "via",
      "x": 160,
      "y": 76
    },
    "168 76": {
      "name": "via",
      "x": 168,
      "y": 76
    },
    "168 78": {
      "name": "via",
      "x": 168,
      "y": 78
    },
    "160 78": {
      "name": "via",
      "x": 160,
      "y": 78
    },
    "169 83": {
      "name": "via",
      "x": 169,
      "y": 83
    },
    "169 81": {
      "name": "via",
      "x": 169,
      "y": 81
    },
    "160 81": {
      "name": "via",
      "x": 160,
      "y": 81
    },
    "167 83": {
      "name": "via",
      "x": 167,
      "y": 83
    },
    "160 83": {
      "name": "via",
      "x": 160,
      "y": 83
    },
    "160 88": {
      "name": "via",
      "x": 160,
      "y": 88
    },
    "168 88": {
      "name": "via",
      "x": 168,
      "y": 88
    },
    "168 90": {
      "name": "via",
      "x": 168,
      "y": 90
    },
    "160 90": {
      "name": "via",
      "x": 160,
      "y": 90
    },
    "166 88": {
      "name": "via",
      "x": 166,
      "y": 88
    },
    "169 95": {
      "name": "via",
      "x": 169,
      "y": 95
    },
    "169 93": {
      "name": "via",
      "x": 169,
      "y": 93
    },
    "160 93": {
      "name": "via",
      "x": 160,
      "y": 93
    },
    "167 95": {
      "name": "via",
      "x": 167,
      "y": 95
    },
    "160 95": {
      "name": "via",
      "x": 160,
      "y": 95
    },
    "170 77": {
      "name": "via",
      "x": 170,
      "y": 77
    },
    "177 77": {
      "name": "via",
      "x": 177,
      "y": 77
    },
    "171 82": {
      "name": "via",
      "x": 171,
      "y": 82
    },
    "177 82": {
      "name": "via",
      "x": 177,
      "y": 82
    },
    "170 89": {
      "name": "via",
      "x": 170,
      "y": 89
    },
    "177 89": {
      "name": "via",
      "x": 177,
      "y": 89
    },
    "171 94": {
      "name": "via",
      "x": 171,
      "y": 94
    },
    "177 94": {
      "name": "via",
      "x": 177,
      "y": 94
    },
    "177 101": {
      "name": "via",
      "x": 177,
      "y": 101
    },
    "160 101": {
      "name": "via",
      "x": 160,
      "y": 101
    },
    "179 101": {
      "name": "via",
      "x": 179,
      "y": 101
    },
    "179 94": {
      "name": "via",
      "x": 179,
      "y": 94
    },
    "179 89": {
      "name": "via",
      "x": 179,
      "y": 89
    },
    "179 82": {
      "name": "via",
      "x": 179,
      "y": 82
    },
    "179 77": {
      "name": "via",
      "x": 179,
      "y": 77
    },
    "179 85": {
      "name": "via",
      "x": 179,
      "y": 85
    },
    "160 85": {
      "name": "via",
      "x": 160,
      "y": 85
    },
    "181 76": {
      "name": "via",
      "x": 181,
      "y": 76
    },
    "181 74": {
      "name": "via",
      "x": 181,
      "y": 74
    },
    "211 74": {
      "name": "via",
      "x": 211,
      "y": 74
    },
    "181 88": {
      "name": "via",
      "x": 181,
      "y": 88
    },
    "181 86": {
      "name": "via",
      "x": 181,
      "y": 86
    },
    "211 86": {
      "name": "via",
      "x": 211,
      "y": 86
    },
    "181 100": {
      "name": "via",
      "x": 181,
      "y": 100
    },
    "181 98": {
      "name": "via",
      "x": 181,
      "y": 98
    },
    "211 98": {
      "name": "via",
      "x": 211,
      "y": 98
    },
    "181 95": {
      "name": "via",
      "x": 181,
      "y": 95
    },
    "183 95": {
      "name": "via",
      "x": 183,
      "y": 95
    },
    "183 75": {
      "name": "via",
      "x": 183,
      "y": 75
    },
    "191 75": {
      "name": "via",
      "x": 191,
      "y": 75
    },
    "191 71": {
      "name": "via",
      "x": 191,
      "y": 71
    },
    "181 83": {
      "name": "via",
      "x": 181,
      "y": 83
    },
    "190 83": {
      "name": "via",
      "x": 190,
      "y": 83
    },
    "190 95": {
      "name": "via",
      "x": 190,
      "y": 95
    },
    "194 95": {
      "name": "via",
      "x": 194,
      "y": 95
    },
    "193 70": {
      "name": "via",
      "x": 193,
      "y": 70
    },
    "196 70": {
      "name": "via",
      "x": 196,
      "y": 70
    },
    "196 71": {
      "name": "via",
      "x": 196,
      "y": 71
    },
    "194 77": {
      "name": "via",
      "x": 194,
      "y": 77
    },
    "194 82": {
      "name": "via",
      "x": 194,
      "y": 82
    },
    "195 82": {
      "name": "via",
      "x": 195,
      "y": 82
    },
    "195 89": {
      "name": "via",
      "x": 195,
      "y": 89
    },
    "195 97": {
      "name": "via",
      "x": 195,
      "y": 97
    },
    "193 97": {
      "name": "via",
      "x": 193,
      "y": 97
    },
    "193 101": {
      "name": "via",
      "x": 193,
      "y": 101
    },
    "193 103": {
      "name": "via",
      "x": 193,
      "y": 103
    },
    "160 103": {
      "name": "via",
      "x": 160,
      "y": 103
    },
    "192 77": {
      "name": "via",
      "x": 192,
      "y": 77
    },
    "192 82": {
      "name": "via",
      "x": 192,
      "y": 82
    },
    "192 80": {
      "name": "via",
      "x": 192,
      "y": 80
    },
    "160 80": {
      "name": "via",
      "x": 160,
      "y": 80
    },
    "192 79": {
      "name": "via",
      "x": 192,
      "y": 79
    },
    "160 79": {
      "name": "via",
      "x": 160,
      "y": 79
    },
    "191 106": {
      "name": "via",
      "x": 191,
      "y": 106
    },
    "191 105": {
      "name": "via",
      "x": 191,
      "y": 105
    },
    "160 105": {
      "name": "via",
      "x": 160,
      "y": 105
    },
    "193 106": {
      "name": "via",
      "x": 193,
      "y": 106
    },
    "193 108": {
      "name": "via",
      "x": 193,
      "y": 108
    },
    "160 108": {
      "name": "via",
      "x": 160,
      "y": 108
    },
    "195 107": {
      "name": "via",
      "x": 195,
      "y": 107
    },
    "196 107": {
      "name": "via",
      "x": 196,
      "y": 107
    },
    "196 96": {
      "name": "via",
      "x": 196,
      "y": 96
    },
    "193 96": {
      "name": "via",
      "x": 193,
      "y": 96
    },
    "193 89": {
      "name": "via",
      "x": 193,
      "y": 89
    },
    "197 88": {
      "name": "via",
      "x": 197,
      "y": 88
    },
    "211 88": {
      "name": "via",
      "x": 211,
      "y": 88
    },
    "191 101": {
      "name": "via",
      "x": 191,
      "y": 101
    },
    "191 100": {
      "name": "via",
      "x": 191,
      "y": 100
    },
    "187 100": {
      "name": "via",
      "x": 187,
      "y": 100
    },
    "195 100": {
      "name": "via",
      "x": 195,
      "y": 100
    },
    "197 100": {
      "name": "via",
      "x": 197,
      "y": 100
    },
    "197 101": {
      "name": "via",
      "x": 197,
      "y": 101
    },
    "201 107": {
      "name": "via",
      "x": 201,
      "y": 107
    },
    "201 101": {
      "name": "via",
      "x": 201,
      "y": 101
    },
    "199 101": {
      "name": "via",
      "x": 199,
      "y": 101
    },
    "201 100": {
      "name": "via",
      "x": 201,
      "y": 100
    },
    "201 95": {
      "name": "via",
      "x": 201,
      "y": 95
    },
    "196 95": {
      "name": "via",
      "x": 196,
      "y": 95
    },
    "198 94": {
      "name": "via",
      "x": 198,
      "y": 94
    },
    "211 94": {
      "name": "via",
      "x": 211,
      "y": 94
    },
    "199 106": {
      "name": "via",
      "x": 199,
      "y": 106
    },
    "199 102": {
      "name": "via",
      "x": 199,
      "y": 102
    },
    "188 102": {
      "name": "via",
      "x": 188,
      "y": 102
    },
    "188 95": {
      "name": "via",
      "x": 188,
      "y": 95
    },
    "187 95": {
      "name": "via",
      "x": 187,
      "y": 95
    },
    "197 106": {
      "name": "via",
      "x": 197,
      "y": 106
    },
    "197 109": {
      "name": "via",
      "x": 197,
      "y": 109
    },
    "187 109": {
      "name": "via",
      "x": 187,
      "y": 109
    },
    "187 107": {
      "name": "via",
      "x": 187,
      "y": 107
    },
    "188 107": {
      "name": "via",
      "x": 188,
      "y": 107
    },
    "188 106": {
      "name": "via",
      "x": 188,
      "y": 106
    },
    "186 106": {
      "name": "via",
      "x": 186,
      "y": 106
    },
    "185 80": {
      "name": "via",
      "x": 185,
      "y": 80
    },
    "185 94": {
      "name": "via",
      "x": 185,
      "y": 94
    },
    "186 94": {
      "name": "via",
      "x": 186,
      "y": 94
    },
    "184 79": {
      "name": "via",
      "x": 184,
      "y": 79
    },
    "184 101": {
      "name": "via",
      "x": 184,
      "y": 101
    },
    "186 101": {
      "name": "via",
      "x": 186,
      "y": 101
    },
    "196 76": {
      "name": "via",
      "x": 196,
      "y": 76
    },
    "211 76": {
      "name": "via",
      "x": 211,
      "y": 76
    },
    "196 83": {
      "name": "via",
      "x": 196,
      "y": 83
    },
    "198 83": {
      "name": "via",
      "x": 198,
      "y": 83
    },
    "198 71": {
      "name": "via",
      "x": 198,
      "y": 71
    },
    "200 70": {
      "name": "via",
      "x": 200,
      "y": 70
    },
    "211 70": {
      "name": "via",
      "x": 211,
      "y": 70
    },
    "239 65": {
      "name": "via",
      "x": 239,
      "y": 65
    },
    "229 65": {
      "name": "via",
      "x": 229,
      "y": 65
    },
    "240 64": {
      "name": "via",
      "x": 240,
      "y": 64
    },
    "242 64": {
      "name": "via",
      "x": 242,
      "y": 64
    },
    "242 65": {
      "name": "via",
      "x": 242,
      "y": 65
    },
    "239 70": {
      "name": "via",
      "x": 239,
      "y": 70
    },
    "242 70": {
      "name": "via",
      "x": 242,
      "y": 70
    },
    "229 67": {
      "name": "via",
      "x": 229,
      "y": 67
    },
    "244 67": {
      "name": "via",
      "x": 244,
      "y": 67
    },
    "244 65": {
      "name": "via",
      "x": 244,
      "y": 65
    },
    "244 70": {
      "name": "via",
      "x": 244,
      "y": 70
    },
    "246 64": {
      "name": "via",
      "x": 246,
      "y": 64
    },
    "290 64": {
      "name": "via",
      "x": 290,
      "y": 64
    },
    "246 71": {
      "name": "via",
      "x": 246,
      "y": 71
    },
    "255 71": {
      "name": "via",
      "x": 255,
      "y": 71
    },
    "238 82": {
      "name": "via",
      "x": 238,
      "y": 82
    },
    "229 82": {
      "name": "via",
      "x": 229,
      "y": 82
    },
    "239 83": {
      "name": "via",
      "x": 239,
      "y": 83
    },
    "242 83": {
      "name": "via",
      "x": 242,
      "y": 83
    },
    "242 82": {
      "name": "via",
      "x": 242,
      "y": 82
    },
    "244 82": {
      "name": "via",
      "x": 244,
      "y": 82
    },
    "244 85": {
      "name": "via",
      "x": 244,
      "y": 85
    },
    "229 85": {
      "name": "via",
      "x": 229,
      "y": 85
    },
    "244 89": {
      "name": "via",
      "x": 244,
      "y": 89
    },
    "242 89": {
      "name": "via",
      "x": 242,
      "y": 89
    },
    "238 89": {
      "name": "via",
      "x": 238,
      "y": 89
    },
    "246 88": {
      "name": "via",
      "x": 246,
      "y": 88
    },
    "251 88": {
      "name": "via",
      "x": 251,
      "y": 88
    },
    "251 75": {
      "name": "via",
      "x": 251,
      "y": 75
    },
    "257 75": {
      "name": "via",
      "x": 257,
      "y": 75
    },
    "257 71": {
      "name": "via",
      "x": 257,
      "y": 71
    },
    "246 83": {
      "name": "via",
      "x": 246,
      "y": 83
    },
    "256 88": {
      "name": "via",
      "x": 256,
      "y": 88
    },
    "248 83": {
      "name": "via",
      "x": 248,
      "y": 83
    },
    "248 87": {
      "name": "via",
      "x": 248,
      "y": 87
    },
    "256 87": {
      "name": "via",
      "x": 256,
      "y": 87
    },
    "258 88": {
      "name": "via",
      "x": 258,
      "y": 88
    },
    "258 91": {
      "name": "via",
      "x": 258,
      "y": 91
    },
    "229 91": {
      "name": "via",
      "x": 229,
      "y": 91
    },
    "265 88": {
      "name": "via",
      "x": 265,
      "y": 88
    },
    "265 93": {
      "name": "via",
      "x": 265,
      "y": 93
    },
    "229 93": {
      "name": "via",
      "x": 229,
      "y": 93
    },
    "290 95": {
      "name": "via",
      "x": 290,
      "y": 95
    },
    "240 100": {
      "name": "via",
      "x": 240,
      "y": 100
    },
    "229 100": {
      "name": "via",
      "x": 229,
      "y": 100
    },
    "242 100": {
      "name": "via",
      "x": 242,
      "y": 100
    },
    "242 102": {
      "name": "via",
      "x": 242,
      "y": 102
    },
    "229 102": {
      "name": "via",
      "x": 229,
      "y": 102
    },
    "244 101": {
      "name": "via",
      "x": 244,
      "y": 101
    },
    "247 101": {
      "name": "via",
      "x": 247,
      "y": 101
    },
    "247 100": {
      "name": "via",
      "x": 247,
      "y": 100
    },
    "249 100": {
      "name": "via",
      "x": 249,
      "y": 100
    },
    "249 98": {
      "name": "via",
      "x": 249,
      "y": 98
    },
    "229 98": {
      "name": "via",
      "x": 229,
      "y": 98
    },
    "251 101": {
      "name": "via",
      "x": 251,
      "y": 101
    },
    "256 101": {
      "name": "via",
      "x": 256,
      "y": 101
    },
    "256 94": {
      "name": "via",
      "x": 256,
      "y": 94
    },
    "253 94": {
      "name": "via",
      "x": 253,
      "y": 94
    },
    "254 95": {
      "name": "via",
      "x": 254,
      "y": 95
    },
    "254 96": {
      "name": "via",
      "x": 254,
      "y": 96
    },
    "275 96": {
      "name": "via",
      "x": 275,
      "y": 96
    },
    "275 89": {
      "name": "via",
      "x": 275,
      "y": 89
    },
    "263 101": {
      "name": "via",
      "x": 263,
      "y": 101
    },
    "263 103": {
      "name": "via",
      "x": 263,
      "y": 103
    },
    "229 103": {
      "name": "via",
      "x": 229,
      "y": 103
    },
    "258 101": {
      "name": "via",
      "x": 258,
      "y": 101
    },
    "258 97": {
      "name": "via",
      "x": 258,
      "y": 97
    },
    "229 97": {
      "name": "via",
      "x": 229,
      "y": 97
    },
    "265 97": {
      "name": "via",
      "x": 265,
      "y": 97
    },
    "265 101": {
      "name": "via",
      "x": 265,
      "y": 101
    },
    "276 97": {
      "name": "via",
      "x": 276,
      "y": 97
    },
    "276 82": {
      "name": "via",
      "x": 276,
      "y": 82
    },
    "277 88": {
      "name": "via",
      "x": 277,
      "y": 88
    },
    "277 85": {
      "name": "via",
      "x": 277,
      "y": 85
    },
    "274 85": {
      "name": "via",
      "x": 274,
      "y": 85
    },
    "274 82": {
      "name": "via",
      "x": 274,
      "y": 82
    },
    "250 95": {
      "name": "via",
      "x": 250,
      "y": 95
    },
    "250 92": {
      "name": "via",
      "x": 250,
      "y": 92
    },
    "273 92": {
      "name": "via",
      "x": 273,
      "y": 92
    },
    "273 89": {
      "name": "via",
      "x": 273,
      "y": 89
    },
    "249 94": {
      "name": "via",
      "x": 249,
      "y": 94
    },
    "248 94": {
      "name": "via",
      "x": 248,
      "y": 94
    },
    "248 103": {
      "name": "via",
      "x": 248,
      "y": 103
    },
    "260 89": {
      "name": "via",
      "x": 260,
      "y": 89
    },
    "260 83": {
      "name": "via",
      "x": 260,
      "y": 83
    },
    "267 89": {
      "name": "via",
      "x": 267,
      "y": 89
    },
    "267 83": {
      "name": "via",
      "x": 267,
      "y": 83
    },
    "262 83": {
      "name": "via",
      "x": 262,
      "y": 83
    },
    "264 82": {
      "name": "via",
      "x": 264,
      "y": 82
    },
    "269 82": {
      "name": "via",
      "x": 269,
      "y": 82
    },
    "269 95": {
      "name": "via",
      "x": 269,
      "y": 95
    },
    "267 100": {
      "name": "via",
      "x": 267,
      "y": 100
    },
    "267 94": {
      "name": "via",
      "x": 267,
      "y": 94
    },
    "263 94": {
      "name": "via",
      "x": 263,
      "y": 94
    },
    "263 88": {
      "name": "via",
      "x": 263,
      "y": 88
    },
    "278 83": {
      "name": "via",
      "x": 278,
      "y": 83
    },
    "278 77": {
      "name": "via",
      "x": 278,
      "y": 77
    },
    "264 77": {
      "name": "via",
      "x": 264,
      "y": 77
    },
    "264 71": {
      "name": "via",
      "x": 264,
      "y": 71
    },
    "259 70": {
      "name": "via",
      "x": 259,
      "y": 70
    },
    "262 70": {
      "name": "via",
      "x": 262,
      "y": 70
    },
    "262 71": {
      "name": "via",
      "x": 262,
      "y": 71
    },
    "266 70": {
      "name": "via",
      "x": 266,
      "y": 70
    },
    "290 70": {
      "name": "via",
      "x": 290,
      "y": 70
    },
    "113 27": {
      "name": "via",
      "x": 113,
      "y": 27
    },
    "127 27": {
      "name": "via",
      "x": 127,
      "y": 27
    },
    "127 26": {
      "name": "via",
      "x": 127,
      "y": 26
    },
    "147 26": {
      "name": "via",
      "x": 147,
      "y": 26
    },
    "147 27": {
      "name": "via",
      "x": 147,
      "y": 27
    },
    "167 26": {
      "name": "via",
      "x": 167,
      "y": 26
    },
    "167 27": {
      "name": "via",
      "x": 167,
      "y": 27
    },
    "187 26": {
      "name": "via",
      "x": 187,
      "y": 26
    },
    "187 27": {
      "name": "via",
      "x": 187,
      "y": 27
    },
    "143 28": {
      "name": "via",
      "x": 143,
      "y": 28
    },
    "150 28": {
      "name": "via",
      "x": 150,
      "y": 28
    },
    "150 27": {
      "name": "via",
      "x": 150,
      "y": 27
    },
    "164 28": {
      "name": "via",
      "x": 164,
      "y": 28
    },
    "170 28": {
      "name": "via",
      "x": 170,
      "y": 28
    },
    "170 27": {
      "name": "via",
      "x": 170,
      "y": 27
    },
    "183 28": {
      "name": "via",
      "x": 183,
      "y": 28
    },
    "190 28": {
      "name": "via",
      "x": 190,
      "y": 28
    },
    "190 27": {
      "name": "via",
      "x": 190,
      "y": 27
    },
    "203 28": {
      "name": "via",
      "x": 203,
      "y": 28
    },
    "130 27": {
      "name": "via",
      "x": 130,
      "y": 27
    },
    "130 29": {
      "name": "via",
      "x": 130,
      "y": 29
    },
    "113 29": {
      "name": "via",
      "x": 113,
      "y": 29
    },
    "143 45": {
      "name": "via",
      "x": 143,
      "y": 45
    },
    "160 45": {
      "name": "via",
      "x": 160,
      "y": 45
    },
    "160 46": {
      "name": "via",
      "x": 160,
      "y": 46
    },
    "174 45": {
      "name": "via",
      "x": 174,
      "y": 45
    },
    "188 45": {
      "name": "via",
      "x": 188,
      "y": 45
    },
    "188 46": {
      "name": "via",
      "x": 188,
      "y": 46
    },
    "201 45": {
      "name": "via",
      "x": 201,
      "y": 45
    },
    "219 45": {
      "name": "via",
      "x": 219,
      "y": 45
    },
    "219 46": {
      "name": "via",
      "x": 219,
      "y": 46
    },
    "232 45": {
      "name": "via",
      "x": 232,
      "y": 45
    },
    "254 45": {
      "name": "via",
      "x": 254,
      "y": 45
    },
    "254 46": {
      "name": "via",
      "x": 254,
      "y": 46
    },
    "267 45": {
      "name": "via",
      "x": 267,
      "y": 45
    },
    "267 41": {
      "name": "via",
      "x": 267,
      "y": 41
    },
    "130 41": {
      "name": "via",
      "x": 130,
      "y": 41
    },
    "130 46": {
      "name": "via",
      "x": 130,
      "y": 46
    },
    "127 46": {
      "name": "via",
      "x": 127,
      "y": 46
    },
    "127 47": {
      "name": "via",
      "x": 127,
      "y": 47
    },
    "157 47": {
      "name": "via",
      "x": 157,
      "y": 47
    },
    "157 46": {
      "name": "via",
      "x": 157,
      "y": 46
    },
    "185 47": {
      "name": "via",
      "x": 185,
      "y": 47
    },
    "185 46": {
      "name": "via",
      "x": 185,
      "y": 46
    },
    "216 47": {
      "name": "via",
      "x": 216,
      "y": 47
    },
    "216 46": {
      "name": "via",
      "x": 216,
      "y": 46
    },
    "251 47": {
      "name": "via",
      "x": 251,
      "y": 47
    },
    "251 46": {
      "name": "via",
      "x": 251,
      "y": 46
    },
    "203 33": {
      "name": "via",
      "x": 203,
      "y": 33
    },
    "127 33": {
      "name": "via",
      "x": 127,
      "y": 33
    },
    "131 34": {
      "name": "via",
      "x": 131,
      "y": 34
    },
    "131 39": {
      "name": "via",
      "x": 131,
      "y": 39
    },
    "127 39": {
      "name": "via",
      "x": 127,
      "y": 39
    },
    "129 33": {
      "name": "via",
      "x": 129,
      "y": 33
    },
    "149 45": {
      "name": "via",
      "x": 149,
      "y": 45
    },
    "149 54": {
      "name": "via",
      "x": 149,
      "y": 54
    },
    "179 45": {
      "name": "via",
      "x": 179,
      "y": 45
    },
    "179 54": {
      "name": "via",
      "x": 179,
      "y": 54
    },
    "209 45": {
      "name": "via",
      "x": 209,
      "y": 45
    },
    "209 54": {
      "name": "via",
      "x": 209,
      "y": 54
    },
    "240 45": {
      "name": "via",
      "x": 240,
      "y": 45
    },
    "240 54": {
      "name": "via",
      "x": 240,
      "y": 54
    },
    "267 54": {
      "name": "via",
      "x": 267,
      "y": 54
    },
    "166 123": {
      "name": "via",
      "x": 166,
      "y": 123
    },
    "166 115": {
      "name": "via",
      "x": 166,
      "y": 115
    },
    "144 115": {
      "name": "via",
      "x": 144,
      "y": 115
    },
    "196 115": {
      "name": "via",
      "x": 196,
      "y": 115
    },
    "166 130": {
      "name": "via",
      "x": 166,
      "y": 130
    },
    "167 130": {
      "name": "via",
      "x": 167,
      "y": 130
    },
    "167 116": {
      "name": "via",
      "x": 167,
      "y": 116
    },
    "144 116": {
      "name": "via",
      "x": 144,
      "y": 116
    },
    "196 116": {
      "name": "via",
      "x": 196,
      "y": 116
    },
    "166 135": {
      "name": "via",
      "x": 166,
      "y": 135
    },
    "168 135": {
      "name": "via",
      "x": 168,
      "y": 135
    },
    "168 117": {
      "name": "via",
      "x": 168,
      "y": 117
    },
    "196 117": {
      "name": "via",
      "x": 196,
      "y": 117
    },
    "144 117": {
      "name": "via",
      "x": 144,
      "y": 117
    },
    "166 142": {
      "name": "via",
      "x": 166,
      "y": 142
    },
    "164 142": {
      "name": "via",
      "x": 164,
      "y": 142
    },
    "164 118": {
      "name": "via",
      "x": 164,
      "y": 118
    },
    "144 118": {
      "name": "via",
      "x": 144,
      "y": 118
    },
    "196 118": {
      "name": "via",
      "x": 196,
      "y": 118
    },
    "166 147": {
      "name": "via",
      "x": 166,
      "y": 147
    },
    "163 147": {
      "name": "via",
      "x": 163,
      "y": 147
    },
    "163 119": {
      "name": "via",
      "x": 163,
      "y": 119
    },
    "144 119": {
      "name": "via",
      "x": 144,
      "y": 119
    },
    "196 119": {
      "name": "via",
      "x": 196,
      "y": 119
    },
    "169 145": {
      "name": "via",
      "x": 169,
      "y": 145
    },
    "175 145": {
      "name": "via",
      "x": 175,
      "y": 145
    },
    "175 141": {
      "name": "via",
      "x": 175,
      "y": 141
    },
    "169 144": {
      "name": "via",
      "x": 169,
      "y": 144
    },
    "169 141": {
      "name": "via",
      "x": 169,
      "y": 141
    },
    "173 141": {
      "name": "via",
      "x": 173,
      "y": 141
    },
    "169 133": {
      "name": "via",
      "x": 169,
      "y": 133
    },
    "169 136": {
      "name": "via",
      "x": 169,
      "y": 136
    },
    "173 136": {
      "name": "via",
      "x": 173,
      "y": 136
    },
    "169 132": {
      "name": "via",
      "x": 169,
      "y": 132
    },
    "175 132": {
      "name": "via",
      "x": 175,
      "y": 132
    },
    "175 136": {
      "name": "via",
      "x": 175,
      "y": 136
    },
    "177 134": {
      "name": "via",
      "x": 177,
      "y": 134
    },
    "177 131": {
      "name": "via",
      "x": 177,
      "y": 131
    },
    "175 131": {
      "name": "via",
      "x": 175,
      "y": 131
    },
    "175 129": {
      "name": "via",
      "x": 175,
      "y": 129
    },
    "177 142": {
      "name": "via",
      "x": 177,
      "y": 142
    },
    "178 142": {
      "name": "via",
      "x": 178,
      "y": 142
    },
    "178 129": {
      "name": "via",
      "x": 178,
      "y": 129
    },
    "177 129": {
      "name": "via",
      "x": 177,
      "y": 129
    },
    "169 121": {
      "name": "via",
      "x": 169,
      "y": 121
    },
    "176 121": {
      "name": "via",
      "x": 176,
      "y": 121
    },
    "179 130": {
      "name": "via",
      "x": 179,
      "y": 130
    },
    "179 124": {
      "name": "via",
      "x": 179,
      "y": 124
    },
    "180 123": {
      "name": "via",
      "x": 180,
      "y": 123
    },
    "196 123": {
      "name": "via",
      "x": 196,
      "y": 123
    },
    "165 138": {
      "name": "via",
      "x": 165,
      "y": 138
    },
    "165 136": {
      "name": "via",
      "x": 165,
      "y": 136
    },
    "165 129": {
      "name": "via",
      "x": 165,
      "y": 129
    },
    "165 127": {
      "name": "via",
      "x": 165,
      "y": 127
    },
    "165 124": {
      "name": "via",
      "x": 165,
      "y": 124
    },
    "165 121": {
      "name": "via",
      "x": 165,
      "y": 121
    },
    "165 141": {
      "name": "via",
      "x": 165,
      "y": 141
    },
    "165 144": {
      "name": "via",
      "x": 165,
      "y": 144
    },
    "165 148": {
      "name": "via",
      "x": 165,
      "y": 148
    },
    "165 150": {
      "name": "via",
      "x": 165,
      "y": 150
    }
  }
}